#
# There is insufficient memory for the Java Runtime Environment to continue.
# Native memory allocation (mmap) failed to map 306184192 bytes. Error detail: G1 virtual space
# Possible reasons:
#   The system is out of physical RAM or swap space
#   This process is running with CompressedOops enabled, and the Java Heap may be blocking the growth of the native heap
# Possible solutions:
#   Reduce memory load on the system
#   Increase physical memory or swap space
#   Check if swap backing store is full
#   Decrease Java heap size (-Xmx/-Xms)
#   Decrease number of Java threads
#   Decrease Java thread stack sizes (-Xss)
#   Set larger code cache with -XX:ReservedCodeCacheSize=
#   JVM is running with Zero Based Compressed Oops mode in which the Java heap is
#     placed in the first 32GB address space. The Java Heap base address is the
#     maximum limit for the native heap growth. Please use -XX:HeapBaseMinAddress
#     to set the Java Heap base and to place the Java Heap above 32GB virtual address.
# This output file may be truncated or incomplete.
#
#  Out of Memory Error (os_windows.cpp:3614), pid=20680, tid=10024
#
# JRE version: OpenJDK Runtime Environment Corretto-17.0.13.11.1 (17.0.13+11) (build 17.0.13+11-LTS)
# Java VM: OpenJDK 64-Bit Server VM Corretto-17.0.13.11.1 (17.0.13+11-LTS, mixed mode, sharing, tiered, compressed oops, compressed class ptrs, g1 gc, windows-amd64)
# No core dump will be written. Minidumps are not enabled by default on client versions of Windows
#

---------------  S U M M A R Y ------------

Command Line: org.springframework.boot.SpringApplicationAotProcessor org.joinfaces.example.JoinFacesExampleApplication D:\Projetos\EstudoIndentar\Testes Spring boot\websocket-spring-jsf\target\spring-aot\main\sources D:\Projetos\EstudoIndentar\Testes Spring boot\websocket-spring-jsf\target\spring-aot\main\resources D:\Projetos\EstudoIndentar\Testes Spring boot\websocket-spring-jsf\target\spring-aot\main\classes org.joinfaces joinfaces-example

Host: AMD Ryzen 7 5700U with Radeon Graphics         , 16 cores, 10G,  Windows 11 , 64 bit Build 22621 (10.0.22621.4830)
Time: Wed Feb 19 12:41:53 2025 Hora oficial do Brasil elapsed time: 8.674379 seconds (0d 0h 0m 8s)

---------------  T H R E A D  ---------------

Current thread (0x000001eed0b1c7d0):  VMThread "VM Thread" [stack: 0x000000141fa00000,0x000000141fb00000] [id=10024]

Stack: [0x000000141fa00000,0x000000141fb00000]
Native frames: (J=compiled Java code, j=interpreted, Vv=VM code, C=native code)
V  [jvm.dll+0x680c19]
V  [jvm.dll+0x83888a]
V  [jvm.dll+0x83a34e]
V  [jvm.dll+0x83a9b3]
V  [jvm.dll+0x2481af]
V  [jvm.dll+0x67d959]
V  [jvm.dll+0x67242a]
V  [jvm.dll+0x30813b]
V  [jvm.dll+0x30f626]
V  [jvm.dll+0x35f94e]
V  [jvm.dll+0x35fb8f]
V  [jvm.dll+0x2df0ec]
V  [jvm.dll+0x2dd4af]
V  [jvm.dll+0x2dcbdc]
V  [jvm.dll+0x32037b]
V  [jvm.dll+0x83eead]
V  [jvm.dll+0x83fbf2]
V  [jvm.dll+0x84011f]
V  [jvm.dll+0x840504]
V  [jvm.dll+0x8405d0]
V  [jvm.dll+0x7e7b2c]
V  [jvm.dll+0x67fae7]
C  [ucrtbase.dll+0x29333]
C  [KERNEL32.DLL+0x1259d]
C  [ntdll.dll+0x5af38]

VM_Operation (0x0000001422afdbb0): G1CollectForAllocation, mode: safepoint, requested by thread 0x000001ef1bbddc30


---------------  P R O C E S S  ---------------

Threads class SMR info:
_java_thread_list=0x000001ef1ce0d590, length=38, elements={
0x000001eeae0f9470, 0x000001eed0b1fe60, 0x000001eed0b20ce0, 0x000001eed0b39970,
0x000001eed0b3b340, 0x000001eed0b3bd00, 0x000001eed0b3c6c0, 0x000001eed0b3d460,
0x000001eed0b3ef20, 0x000001eed0b41930, 0x000001eed0b6e9e0, 0x000001ef16152de0,
0x000001ef1615a400, 0x000001ef172dc5e0, 0x000001ef1be4ad20, 0x000001ef17d6d810,
0x000001ef17d6bec0, 0x000001ef17d6c3d0, 0x000001ef17d6c8e0, 0x000001ef17d6d300,
0x000001ef17d6cdf0, 0x000001ef1bbdf580, 0x000001ef1bbdbdd0, 0x000001ef1bbdd720,
0x000001ef1bbdf070, 0x000001ef1bbde140, 0x000001ef1bbde650, 0x000001ef1bbdc2e0,
0x000001ef1bbddc30, 0x000001ef1bbdd210, 0x000001ef1bbdeb60, 0x000001ef1bbdc7f0,
0x000001ef1bbdcd00, 0x000001ef1a207ea0, 0x000001ef1a209d00, 0x000001ef1cd84810,
0x000001ef1cd84300, 0x000001ef1cd83df0
}

Java Threads: ( => current thread )
  0x000001eeae0f9470 JavaThread "main" [_thread_blocked, id=8880, stack(0x000000141f400000,0x000000141f500000)]
  0x000001eed0b1fe60 JavaThread "Reference Handler" daemon [_thread_blocked, id=20040, stack(0x000000141fb00000,0x000000141fc00000)]
  0x000001eed0b20ce0 JavaThread "Finalizer" daemon [_thread_blocked, id=19504, stack(0x000000141fc00000,0x000000141fd00000)]
  0x000001eed0b39970 JavaThread "Signal Dispatcher" daemon [_thread_blocked, id=5016, stack(0x000000141fd00000,0x000000141fe00000)]
  0x000001eed0b3b340 JavaThread "Attach Listener" daemon [_thread_blocked, id=11236, stack(0x000000141fe00000,0x000000141ff00000)]
  0x000001eed0b3bd00 JavaThread "Service Thread" daemon [_thread_blocked, id=8108, stack(0x000000141ff00000,0x0000001420000000)]
  0x000001eed0b3c6c0 JavaThread "Monitor Deflation Thread" daemon [_thread_blocked, id=16540, stack(0x0000001420000000,0x0000001420100000)]
  0x000001eed0b3d460 JavaThread "C2 CompilerThread0" daemon [_thread_blocked, id=14928, stack(0x0000001420100000,0x0000001420200000)]
  0x000001eed0b3ef20 JavaThread "C1 CompilerThread0" daemon [_thread_blocked, id=9892, stack(0x0000001420200000,0x0000001420300000)]
  0x000001eed0b41930 JavaThread "Sweeper thread" daemon [_thread_blocked, id=4860, stack(0x0000001420300000,0x0000001420400000)]
  0x000001eed0b6e9e0 JavaThread "C1 CompilerThread1" daemon [_thread_blocked, id=17616, stack(0x0000001420400000,0x0000001420500000)]
  0x000001ef16152de0 JavaThread "Notification Thread" daemon [_thread_blocked, id=13908, stack(0x0000001420600000,0x0000001420700000)]
  0x000001ef1615a400 JavaThread "Common-Cleaner" daemon [_thread_blocked, id=19528, stack(0x0000001420800000,0x0000001420900000)]
  0x000001ef172dc5e0 JavaThread "C2 CompilerThread1" daemon [_thread_in_native, id=14096, stack(0x0000001420900000,0x0000001420a00000)]
  0x000001ef1be4ad20 JavaThread "ClassGraph-worker-48" daemon [_thread_blocked, id=21116, stack(0x0000001420e00000,0x0000001420f00000)]
  0x000001ef17d6d810 JavaThread "ClassGraph-worker-49" daemon [_thread_blocked, id=19396, stack(0x0000001421200000,0x0000001421300000)]
  0x000001ef17d6bec0 JavaThread "ClassGraph-worker-50" daemon [_thread_blocked, id=4464, stack(0x0000001421300000,0x0000001421400000)]
  0x000001ef17d6c3d0 JavaThread "ClassGraph-worker-51" daemon [_thread_blocked, id=9572, stack(0x0000001421b00000,0x0000001421c00000)]
  0x000001ef17d6c8e0 JavaThread "ClassGraph-worker-52" daemon [_thread_blocked, id=18864, stack(0x0000001422000000,0x0000001422100000)]
  0x000001ef17d6d300 JavaThread "ClassGraph-worker-53" daemon [_thread_blocked, id=2448, stack(0x0000001422100000,0x0000001422200000)]
  0x000001ef17d6cdf0 JavaThread "ClassGraph-worker-54" daemon [_thread_blocked, id=11948, stack(0x0000001422200000,0x0000001422300000)]
  0x000001ef1bbdf580 JavaThread "ClassGraph-worker-55" daemon [_thread_blocked, id=13624, stack(0x0000001422300000,0x0000001422400000)]
  0x000001ef1bbdbdd0 JavaThread "ClassGraph-worker-56" daemon [_thread_blocked, id=13724, stack(0x0000001422400000,0x0000001422500000)]
  0x000001ef1bbdd720 JavaThread "ClassGraph-worker-57" daemon [_thread_blocked, id=20528, stack(0x0000001422500000,0x0000001422600000)]
  0x000001ef1bbdf070 JavaThread "ClassGraph-worker-58" daemon [_thread_blocked, id=9092, stack(0x0000001422600000,0x0000001422700000)]
  0x000001ef1bbde140 JavaThread "ClassGraph-worker-59" daemon [_thread_blocked, id=20460, stack(0x0000001422700000,0x0000001422800000)]
  0x000001ef1bbde650 JavaThread "ClassGraph-worker-60" daemon [_thread_blocked, id=8896, stack(0x0000001422800000,0x0000001422900000)]
  0x000001ef1bbdc2e0 JavaThread "ClassGraph-worker-61" daemon [_thread_blocked, id=18716, stack(0x0000001422900000,0x0000001422a00000)]
  0x000001ef1bbddc30 JavaThread "ClassGraph-worker-62" daemon [_thread_blocked, id=15040, stack(0x0000001422a00000,0x0000001422b00000)]
  0x000001ef1bbdd210 JavaThread "ClassGraph-worker-63" daemon [_thread_blocked, id=5192, stack(0x0000001422b00000,0x0000001422c00000)]
  0x000001ef1bbdeb60 JavaThread "ClassGraph-worker-64" daemon [_thread_blocked, id=2956, stack(0x0000001422c00000,0x0000001422d00000)]
  0x000001ef1bbdc7f0 JavaThread "ClassGraph-worker-65" daemon [_thread_blocked, id=13284, stack(0x0000001422d00000,0x0000001422e00000)]
  0x000001ef1bbdcd00 JavaThread "ClassGraph-worker-66" daemon [_thread_blocked, id=7756, stack(0x0000001422e00000,0x0000001422f00000)]
  0x000001ef1a207ea0 JavaThread "ClassGraph-worker-67" daemon [_thread_blocked, id=19960, stack(0x0000001422f00000,0x0000001423000000)]
  0x000001ef1a209d00 JavaThread "ClassGraph-worker-68" daemon [_thread_blocked, id=17448, stack(0x0000001423000000,0x0000001423100000)]
  0x000001ef1cd84810 JavaThread "ClassGraph-worker-69" daemon [_thread_blocked, id=18020, stack(0x0000001423100000,0x0000001423200000)]
  0x000001ef1cd84300 JavaThread "ClassGraph-worker-70" daemon [_thread_blocked, id=13664, stack(0x0000001423200000,0x0000001423300000)]
  0x000001ef1cd83df0 JavaThread "ClassGraph-worker-71" daemon [_thread_blocked, id=17652, stack(0x0000001423300000,0x0000001423400000)]

Other Threads:
=>0x000001eed0b1c7d0 VMThread "VM Thread" [stack: 0x000000141fa00000,0x000000141fb00000] [id=10024]
  0x000001ef161536d0 WatcherThread [stack: 0x0000001420700000,0x0000001420800000] [id=11732]
  0x000001eeae14d620 GCTaskThread "GC Thread#0" [stack: 0x000000141f500000,0x000000141f600000] [id=18312]
  0x000001ef16adc970 GCTaskThread "GC Thread#1" [stack: 0x0000001420a00000,0x0000001420b00000] [id=3552]
  0x000001ef16d24080 GCTaskThread "GC Thread#2" [stack: 0x0000001420b00000,0x0000001420c00000] [id=13560]
  0x000001ef16b51d70 GCTaskThread "GC Thread#3" [stack: 0x0000001420c00000,0x0000001420d00000] [id=21484]
  0x000001ef16e0c640 GCTaskThread "GC Thread#4" [stack: 0x0000001420d00000,0x0000001420e00000] [id=9728]
  0x000001ef17168ec0 GCTaskThread "GC Thread#5" [stack: 0x0000001420f00000,0x0000001421000000] [id=13440]
  0x000001ef16ffef40 GCTaskThread "GC Thread#6" [stack: 0x0000001421000000,0x0000001421100000] [id=7328]
  0x000001ef16fc1360 GCTaskThread "GC Thread#7" [stack: 0x0000001421100000,0x0000001421200000] [id=12496]
  0x000001ef1833bb00 GCTaskThread "GC Thread#8" [stack: 0x0000001421400000,0x0000001421500000] [id=5356]
  0x000001ef17b12c50 GCTaskThread "GC Thread#9" [stack: 0x0000001421500000,0x0000001421600000] [id=17808]
  0x000001ef17457080 GCTaskThread "GC Thread#10" [stack: 0x0000001421600000,0x0000001421700000] [id=21340]
  0x000001ef185193e0 GCTaskThread "GC Thread#11" [stack: 0x0000001421700000,0x0000001421800000] [id=7032]
  0x000001ef18518620 GCTaskThread "GC Thread#12" [stack: 0x0000001421800000,0x0000001421900000] [id=19424]
  0x000001eeae159300 ConcurrentGCThread "G1 Main Marker" [stack: 0x000000141f600000,0x000000141f700000] [id=7356]
  0x000001eeae159d20 ConcurrentGCThread "G1 Conc#0" [stack: 0x000000141f700000,0x000000141f800000] [id=4692]
  0x000001ef185188e0 ConcurrentGCThread "G1 Conc#1" [stack: 0x0000001421900000,0x0000001421a00000] [id=21404]
  0x000001ef18518360 ConcurrentGCThread "G1 Conc#2" [stack: 0x0000001421a00000,0x0000001421b00000] [id=14556]
  0x000001eed09d91e0 ConcurrentGCThread "G1 Refine#0" [stack: 0x000000141f800000,0x000000141f900000] [id=18120]
  0x000001ef17c481f0 ConcurrentGCThread "G1 Refine#1" [stack: 0x0000001423400000,0x0000001423500000] [id=18876]
  0x000001ef185454b0 ConcurrentGCThread "G1 Refine#2" [stack: 0x0000001423500000,0x0000001423600000] [id=13852]
  0x000001ef18544be0 ConcurrentGCThread "G1 Refine#3" [stack: 0x0000001423600000,0x0000001423700000] [id=19872]
  0x000001ef18544310 ConcurrentGCThread "G1 Refine#4" [stack: 0x0000001423700000,0x0000001423800000] [id=19592]
  0x000001ef18543d30 ConcurrentGCThread "G1 Refine#5" [stack: 0x0000001423800000,0x0000001423900000] [id=10480]
  0x000001ef18547500 ConcurrentGCThread "G1 Refine#6" [stack: 0x0000001423900000,0x0000001423a00000] [id=8768]
  0x000001ef18545d80 ConcurrentGCThread "G1 Refine#7" [stack: 0x0000001423a00000,0x0000001423b00000] [id=13932]
  0x000001ef18544ed0 ConcurrentGCThread "G1 Refine#8" [stack: 0x0000001423b00000,0x0000001423c00000] [id=12892]
  0x000001ef18544600 ConcurrentGCThread "G1 Refine#9" [stack: 0x0000001421c00000,0x0000001421d00000] [id=13772]
  0x000001ef18546070 ConcurrentGCThread "G1 Refine#10" [stack: 0x0000001421d00000,0x0000001421e00000] [id=9252]
  0x000001ef18544020 ConcurrentGCThread "G1 Refine#11" [stack: 0x0000001421e00000,0x0000001421f00000] [id=21248]
  0x000001ef18546c30 ConcurrentGCThread "G1 Refine#12" [stack: 0x0000001421f00000,0x0000001422000000] [id=21156]
  0x000001eed09d9c10 ConcurrentGCThread "G1 Service" [stack: 0x000000141f900000,0x000000141fa00000] [id=19908]

Threads with active compile tasks:
C2 CompilerThread0     8686 6695       4       io.github.classgraph.MethodInfo::handleRepeatableAnnotations (186 bytes)
C2 CompilerThread1     8686 6814       4       io.github.classgraph.Classfile::readMethods (1551 bytes)

VM state: at safepoint (normal execution)

VM Mutex/Monitor currently owned by a thread:  ([mutex/lock_event])
[0x000001eeae0f4770] Threads_lock - owner thread: 0x000001eed0b1c7d0
[0x000001eeae0f3ba0] Heap_lock - owner thread: 0x000001ef1bbddc30

Heap address: 0x0000000752600000, size: 2778 MB, Compressed Oops mode: Zero based, Oop shift amount: 3

CDS archive(s) mapped at: [0x000001eed1000000-0x000001eed1bb0000-0x000001eed1bb0000), size 12255232, SharedBaseAddress: 0x000001eed1000000, ArchiveRelocationMode: 1.
Compressed class space mapped at: 0x000001eed2000000-0x000001ef12000000, reserved size: 1073741824
Narrow klass base: 0x000001eed1000000, Narrow klass shift: 0, Narrow klass range: 0x100000000

GC Precious Log:
 CPUs: 16 total, 16 available
 Memory: 11109M
 Large Page Support: Disabled
 NUMA Support: Disabled
 Compressed Oops: Enabled (Zero based)
 Heap Region Size: 2M
 Heap Min Capacity: 8M
 Heap Initial Capacity: 174M
 Heap Max Capacity: 2778M
 Pre-touch: Disabled
 Parallel Workers: 13
 Concurrent Workers: 3
 Concurrent Refinement Workers: 13
 Periodic GC: Disabled

Heap:
 garbage-first heap   total 841728K, used 322151K [0x0000000752600000, 0x0000000800000000)
  region size 2048K, 18 young (36864K), 18 survivors (36864K)
 Metaspace       used 40649K, committed 41152K, reserved 1114112K
  class space    used 5451K, committed 5696K, reserved 1048576K

Heap Regions: E=young(eden), S=young(survivor), O=old, HS=humongous(starts), HC=humongous(continues), CS=collection set, F=free, OA=open archive, CA=closed archive, TAMS=top-at-mark-start (previous, next)
|   0|0x0000000752600000, 0x0000000752800000, 0x0000000752800000|100%| O|  |TAMS 0x0000000752800000, 0x0000000752600000| Untracked 
|   1|0x0000000752800000, 0x0000000752a00000, 0x0000000752a00000|100%| O|  |TAMS 0x0000000752a00000, 0x0000000752800000| Untracked 
|   2|0x0000000752a00000, 0x0000000752c00000, 0x0000000752c00000|100%| O|  |TAMS 0x0000000752c00000, 0x0000000752a00000| Untracked 
|   3|0x0000000752c00000, 0x0000000752e00000, 0x0000000752e00000|100%| O|  |TAMS 0x0000000752e00000, 0x0000000752c00000| Untracked 
|   4|0x0000000752e00000, 0x0000000753000000, 0x0000000753000000|100%| O|  |TAMS 0x0000000753000000, 0x0000000752e00000| Untracked 
|   5|0x0000000753000000, 0x0000000753200000, 0x0000000753200000|100%| O|  |TAMS 0x0000000753200000, 0x0000000753000000| Untracked 
|   6|0x0000000753200000, 0x0000000753400000, 0x0000000753400000|100%| O|  |TAMS 0x0000000753400000, 0x0000000753200000| Untracked 
|   7|0x0000000753400000, 0x0000000753600000, 0x0000000753600000|100%| O|  |TAMS 0x0000000753600000, 0x0000000753400000| Untracked 
|   8|0x0000000753600000, 0x0000000753800000, 0x0000000753800000|100%| O|  |TAMS 0x0000000753800000, 0x0000000753600000| Untracked 
|   9|0x0000000753800000, 0x0000000753a00000, 0x0000000753a00000|100%| O|  |TAMS 0x0000000753a00000, 0x0000000753800000| Untracked 
|  10|0x0000000753a00000, 0x0000000753c00000, 0x0000000753c00000|100%| O|  |TAMS 0x0000000753c00000, 0x0000000753a00000| Untracked 
|  11|0x0000000753c00000, 0x0000000753e00000, 0x0000000753e00000|100%| O|  |TAMS 0x0000000753e00000, 0x0000000753c00000| Untracked 
|  12|0x0000000753e00000, 0x0000000754000000, 0x0000000754000000|100%| O|  |TAMS 0x0000000754000000, 0x0000000753e00000| Untracked 
|  13|0x0000000754000000, 0x0000000754200000, 0x0000000754200000|100%| O|  |TAMS 0x0000000754200000, 0x0000000754000000| Untracked 
|  14|0x0000000754200000, 0x0000000754400000, 0x0000000754400000|100%| O|  |TAMS 0x0000000754400000, 0x0000000754200000| Untracked 
|  15|0x0000000754400000, 0x0000000754600000, 0x0000000754600000|100%| O|  |TAMS 0x0000000754600000, 0x0000000754400000| Untracked 
|  16|0x0000000754600000, 0x0000000754800000, 0x0000000754800000|100%| O|  |TAMS 0x0000000754800000, 0x0000000754600000| Untracked 
|  17|0x0000000754800000, 0x0000000754a00000, 0x0000000754a00000|100%| O|  |TAMS 0x0000000754a00000, 0x0000000754800000| Untracked 
|  18|0x0000000754a00000, 0x0000000754c00000, 0x0000000754c00000|100%| O|  |TAMS 0x0000000754c00000, 0x0000000754a00000| Untracked 
|  19|0x0000000754c00000, 0x0000000754e00000, 0x0000000754e00000|100%| O|  |TAMS 0x0000000754e00000, 0x0000000754c00000| Untracked 
|  20|0x0000000754e00000, 0x0000000755000000, 0x0000000755000000|100%| O|  |TAMS 0x0000000755000000, 0x0000000754e00000| Untracked 
|  21|0x0000000755000000, 0x0000000755200000, 0x0000000755200000|100%| O|  |TAMS 0x0000000755200000, 0x0000000755000000| Untracked 
|  22|0x0000000755200000, 0x0000000755400000, 0x0000000755400000|100%| O|  |TAMS 0x00000007553dca00, 0x0000000755200000| Untracked 
|  23|0x0000000755400000, 0x0000000755600000, 0x0000000755600000|100%| O|  |TAMS 0x0000000755400000, 0x0000000755400000| Untracked 
|  24|0x0000000755600000, 0x0000000755800000, 0x0000000755800000|100%| O|  |TAMS 0x0000000755600000, 0x0000000755600000| Untracked 
|  25|0x0000000755800000, 0x0000000755a00000, 0x0000000755a00000|100%| O|  |TAMS 0x0000000755800000, 0x0000000755800000| Untracked 
|  26|0x0000000755a00000, 0x0000000755c00000, 0x0000000755c00000|100%| O|  |TAMS 0x0000000755a00000, 0x0000000755a00000| Untracked 
|  27|0x0000000755c00000, 0x0000000755e00000, 0x0000000755e00000|100%| O|  |TAMS 0x0000000755c00000, 0x0000000755c00000| Untracked 
|  28|0x0000000755e00000, 0x0000000756000000, 0x0000000756000000|100%| O|  |TAMS 0x0000000755e00000, 0x0000000755e00000| Untracked 
|  29|0x0000000756000000, 0x0000000756200000, 0x0000000756200000|100%| O|  |TAMS 0x0000000756000000, 0x0000000756000000| Untracked 
|  30|0x0000000756200000, 0x0000000756400000, 0x0000000756400000|100%| O|  |TAMS 0x0000000756200000, 0x0000000756200000| Untracked 
|  31|0x0000000756400000, 0x0000000756600000, 0x0000000756600000|100%| O|  |TAMS 0x0000000756400000, 0x0000000756400000| Untracked 
|  32|0x0000000756600000, 0x0000000756800000, 0x0000000756800000|100%| O|  |TAMS 0x0000000756600000, 0x0000000756600000| Untracked 
|  33|0x0000000756800000, 0x0000000756a00000, 0x0000000756a00000|100%| O|  |TAMS 0x0000000756800000, 0x0000000756800000| Untracked 
|  34|0x0000000756a00000, 0x0000000756c00000, 0x0000000756c00000|100%| O|  |TAMS 0x0000000756a00000, 0x0000000756a00000| Untracked 
|  35|0x0000000756c00000, 0x0000000756e00000, 0x0000000756e00000|100%| O|  |TAMS 0x0000000756c00000, 0x0000000756c00000| Untracked 
|  36|0x0000000756e00000, 0x0000000757000000, 0x0000000757000000|100%| O|  |TAMS 0x0000000756e00000, 0x0000000756e00000| Untracked 
|  37|0x0000000757000000, 0x0000000757200000, 0x0000000757200000|100%|HS|  |TAMS 0x0000000757000000, 0x0000000757000000| Complete 
|  38|0x0000000757200000, 0x0000000757400000, 0x0000000757400000|100%| O|  |TAMS 0x0000000757200000, 0x0000000757200000| Untracked 
|  39|0x0000000757400000, 0x0000000757600000, 0x0000000757600000|100%| O|  |TAMS 0x0000000757400000, 0x0000000757400000| Untracked 
|  40|0x0000000757600000, 0x0000000757800000, 0x0000000757800000|100%| O|  |TAMS 0x0000000757600000, 0x0000000757600000| Untracked 
|  41|0x0000000757800000, 0x0000000757a00000, 0x0000000757a00000|100%| O|  |TAMS 0x0000000757800000, 0x0000000757800000| Untracked 
|  42|0x0000000757a00000, 0x0000000757c00000, 0x0000000757c00000|100%| O|  |TAMS 0x0000000757a00000, 0x0000000757a00000| Untracked 
|  43|0x0000000757c00000, 0x0000000757e00000, 0x0000000757e00000|100%| O|  |TAMS 0x0000000757c00000, 0x0000000757c00000| Untracked 
|  44|0x0000000757e00000, 0x0000000758000000, 0x0000000758000000|100%| O|  |TAMS 0x0000000757e00000, 0x0000000757e00000| Untracked 
|  45|0x0000000758000000, 0x0000000758200000, 0x0000000758200000|100%| O|  |TAMS 0x0000000758000000, 0x0000000758000000| Untracked 
|  46|0x0000000758200000, 0x0000000758400000, 0x0000000758400000|100%| O|  |TAMS 0x0000000758200000, 0x0000000758200000| Untracked 
|  47|0x0000000758400000, 0x0000000758600000, 0x0000000758600000|100%| O|  |TAMS 0x0000000758400000, 0x0000000758400000| Untracked 
|  48|0x0000000758600000, 0x0000000758800000, 0x0000000758800000|100%| O|  |TAMS 0x0000000758600000, 0x0000000758600000| Untracked 
|  49|0x0000000758800000, 0x0000000758a00000, 0x0000000758a00000|100%| O|  |TAMS 0x0000000758800000, 0x0000000758800000| Untracked 
|  50|0x0000000758a00000, 0x0000000758c00000, 0x0000000758c00000|100%| O|  |TAMS 0x0000000758a00000, 0x0000000758a00000| Untracked 
|  51|0x0000000758c00000, 0x0000000758e00000, 0x0000000758e00000|100%| O|  |TAMS 0x0000000758c00000, 0x0000000758c00000| Untracked 
|  52|0x0000000758e00000, 0x0000000759000000, 0x0000000759000000|100%| O|  |TAMS 0x0000000758e00000, 0x0000000758e00000| Untracked 
|  53|0x0000000759000000, 0x0000000759200000, 0x0000000759200000|100%| O|  |TAMS 0x0000000759000000, 0x0000000759000000| Untracked 
|  54|0x0000000759200000, 0x0000000759400000, 0x0000000759400000|100%| O|  |TAMS 0x0000000759200000, 0x0000000759200000| Untracked 
|  55|0x0000000759400000, 0x0000000759600000, 0x0000000759600000|100%| O|  |TAMS 0x0000000759400000, 0x0000000759400000| Untracked 
|  56|0x0000000759600000, 0x0000000759800000, 0x0000000759800000|100%| O|  |TAMS 0x0000000759600000, 0x0000000759600000| Untracked 
|  57|0x0000000759800000, 0x0000000759a00000, 0x0000000759a00000|100%| O|  |TAMS 0x0000000759800000, 0x0000000759800000| Untracked 
|  58|0x0000000759a00000, 0x0000000759c00000, 0x0000000759c00000|100%| O|  |TAMS 0x0000000759a00000, 0x0000000759a00000| Untracked 
|  59|0x0000000759c00000, 0x0000000759e00000, 0x0000000759e00000|100%| O|  |TAMS 0x0000000759c00000, 0x0000000759c00000| Untracked 
|  60|0x0000000759e00000, 0x000000075a000000, 0x000000075a000000|100%| O|  |TAMS 0x0000000759e00000, 0x0000000759e00000| Untracked 
|  61|0x000000075a000000, 0x000000075a200000, 0x000000075a200000|100%| O|  |TAMS 0x000000075a000000, 0x000000075a000000| Untracked 
|  62|0x000000075a200000, 0x000000075a400000, 0x000000075a400000|100%| O|  |TAMS 0x000000075a200000, 0x000000075a200000| Untracked 
|  63|0x000000075a400000, 0x000000075a600000, 0x000000075a600000|100%| O|  |TAMS 0x000000075a400000, 0x000000075a400000| Untracked 
|  64|0x000000075a600000, 0x000000075a800000, 0x000000075a800000|100%| O|  |TAMS 0x000000075a600000, 0x000000075a600000| Untracked 
|  65|0x000000075a800000, 0x000000075aa00000, 0x000000075aa00000|100%| O|  |TAMS 0x000000075a800000, 0x000000075a800000| Untracked 
|  66|0x000000075aa00000, 0x000000075ac00000, 0x000000075ac00000|100%| O|  |TAMS 0x000000075aa00000, 0x000000075aa00000| Untracked 
|  67|0x000000075ac00000, 0x000000075ae00000, 0x000000075ae00000|100%| O|  |TAMS 0x000000075ac00000, 0x000000075ac00000| Untracked 
|  68|0x000000075ae00000, 0x000000075b000000, 0x000000075b000000|100%| O|  |TAMS 0x000000075ae00000, 0x000000075ae00000| Untracked 
|  69|0x000000075b000000, 0x000000075b200000, 0x000000075b200000|100%| O|  |TAMS 0x000000075b000000, 0x000000075b000000| Untracked 
|  70|0x000000075b200000, 0x000000075b400000, 0x000000075b400000|100%| O|  |TAMS 0x000000075b200000, 0x000000075b200000| Untracked 
|  71|0x000000075b400000, 0x000000075b600000, 0x000000075b600000|100%| O|  |TAMS 0x000000075b400000, 0x000000075b400000| Untracked 
|  72|0x000000075b600000, 0x000000075b800000, 0x000000075b800000|100%| O|  |TAMS 0x000000075b600000, 0x000000075b600000| Untracked 
|  73|0x000000075b800000, 0x000000075ba00000, 0x000000075ba00000|100%| O|  |TAMS 0x000000075b800000, 0x000000075b800000| Untracked 
|  74|0x000000075ba00000, 0x000000075bc00000, 0x000000075bc00000|100%| O|  |TAMS 0x000000075ba00000, 0x000000075ba00000| Untracked 
|  75|0x000000075bc00000, 0x000000075be00000, 0x000000075be00000|100%|HS|  |TAMS 0x000000075bc00000, 0x000000075bc00000| Complete 
|  76|0x000000075be00000, 0x000000075c000000, 0x000000075c000000|100%| O|  |TAMS 0x000000075be00000, 0x000000075be00000| Untracked 
|  77|0x000000075c000000, 0x000000075c200000, 0x000000075c200000|100%| O|  |TAMS 0x000000075c000000, 0x000000075c000000| Untracked 
|  78|0x000000075c200000, 0x000000075c400000, 0x000000075c400000|100%| O|  |TAMS 0x000000075c200000, 0x000000075c200000| Untracked 
|  79|0x000000075c400000, 0x000000075c600000, 0x000000075c600000|100%| O|  |TAMS 0x000000075c400000, 0x000000075c400000| Untracked 
|  80|0x000000075c600000, 0x000000075c800000, 0x000000075c800000|100%| O|  |TAMS 0x000000075c600000, 0x000000075c600000| Untracked 
|  81|0x000000075c800000, 0x000000075ca00000, 0x000000075ca00000|100%| O|  |TAMS 0x000000075c800000, 0x000000075c800000| Untracked 
|  82|0x000000075ca00000, 0x000000075cc00000, 0x000000075cc00000|100%| O|  |TAMS 0x000000075ca00000, 0x000000075ca00000| Untracked 
|  83|0x000000075cc00000, 0x000000075ce00000, 0x000000075ce00000|100%| O|  |TAMS 0x000000075cc00000, 0x000000075cc00000| Untracked 
|  84|0x000000075ce00000, 0x000000075d000000, 0x000000075d000000|100%| O|  |TAMS 0x000000075ce00000, 0x000000075ce00000| Untracked 
|  85|0x000000075d000000, 0x000000075d200000, 0x000000075d200000|100%| O|  |TAMS 0x000000075d000000, 0x000000075d000000| Untracked 
|  86|0x000000075d200000, 0x000000075d400000, 0x000000075d400000|100%| O|  |TAMS 0x000000075d200000, 0x000000075d200000| Untracked 
|  87|0x000000075d400000, 0x000000075d600000, 0x000000075d600000|100%| O|  |TAMS 0x000000075d400000, 0x000000075d400000| Untracked 
|  88|0x000000075d600000, 0x000000075d800000, 0x000000075d800000|100%| O|  |TAMS 0x000000075d600000, 0x000000075d600000| Untracked 
|  89|0x000000075d800000, 0x000000075da00000, 0x000000075da00000|100%| O|  |TAMS 0x000000075d800000, 0x000000075d800000| Untracked 
|  90|0x000000075da00000, 0x000000075dc00000, 0x000000075dc00000|100%| O|  |TAMS 0x000000075da00000, 0x000000075da00000| Untracked 
|  91|0x000000075dc00000, 0x000000075de00000, 0x000000075de00000|100%| O|  |TAMS 0x000000075dc00000, 0x000000075dc00000| Untracked 
|  92|0x000000075de00000, 0x000000075e000000, 0x000000075e000000|100%| O|  |TAMS 0x000000075de00000, 0x000000075de00000| Untracked 
|  93|0x000000075e000000, 0x000000075e200000, 0x000000075e200000|100%|HS|  |TAMS 0x000000075e000000, 0x000000075e000000| Complete 
|  94|0x000000075e200000, 0x000000075e400000, 0x000000075e400000|100%| O|  |TAMS 0x000000075e200000, 0x000000075e200000| Untracked 
|  95|0x000000075e400000, 0x000000075e600000, 0x000000075e600000|100%| O|  |TAMS 0x000000075e400000, 0x000000075e400000| Untracked 
|  96|0x000000075e600000, 0x000000075e800000, 0x000000075e800000|100%| O|  |TAMS 0x000000075e600000, 0x000000075e600000| Untracked 
|  97|0x000000075e800000, 0x000000075ea00000, 0x000000075ea00000|100%| O|  |TAMS 0x000000075e800000, 0x000000075e800000| Untracked 
|  98|0x000000075ea00000, 0x000000075ec00000, 0x000000075ec00000|100%| O|  |TAMS 0x000000075ea00000, 0x000000075ea00000| Untracked 
|  99|0x000000075ec00000, 0x000000075ee00000, 0x000000075ee00000|100%| O|  |TAMS 0x000000075ec00000, 0x000000075ec00000| Untracked 
| 100|0x000000075ee00000, 0x000000075f000000, 0x000000075f000000|100%| O|  |TAMS 0x000000075ee00000, 0x000000075ee00000| Untracked 
| 101|0x000000075f000000, 0x000000075f200000, 0x000000075f200000|100%| O|  |TAMS 0x000000075f000000, 0x000000075f000000| Untracked 
| 102|0x000000075f200000, 0x000000075f400000, 0x000000075f400000|100%| O|  |TAMS 0x000000075f200000, 0x000000075f200000| Untracked 
| 103|0x000000075f400000, 0x000000075f600000, 0x000000075f600000|100%| O|  |TAMS 0x000000075f400000, 0x000000075f400000| Untracked 
| 104|0x000000075f600000, 0x000000075f800000, 0x000000075f800000|100%| O|  |TAMS 0x000000075f600000, 0x000000075f600000| Untracked 
| 105|0x000000075f800000, 0x000000075fa00000, 0x000000075fa00000|100%| O|  |TAMS 0x000000075f800000, 0x000000075f800000| Untracked 
| 106|0x000000075fa00000, 0x000000075fc00000, 0x000000075fc00000|100%| O|  |TAMS 0x000000075fa00000, 0x000000075fa00000| Untracked 
| 107|0x000000075fc00000, 0x000000075fe00000, 0x000000075fe00000|100%| O|  |TAMS 0x000000075fc00000, 0x000000075fc00000| Untracked 
| 108|0x000000075fe00000, 0x0000000760000000, 0x0000000760000000|100%| O|  |TAMS 0x000000075fe00000, 0x000000075fe00000| Untracked 
| 109|0x0000000760000000, 0x0000000760200000, 0x0000000760200000|100%| O|  |TAMS 0x0000000760000000, 0x0000000760000000| Untracked 
| 110|0x0000000760200000, 0x0000000760400000, 0x0000000760400000|100%| O|  |TAMS 0x0000000760200000, 0x0000000760200000| Untracked 
| 111|0x0000000760400000, 0x0000000760600000, 0x0000000760600000|100%| O|  |TAMS 0x0000000760400000, 0x0000000760400000| Untracked 
| 112|0x0000000760600000, 0x0000000760800000, 0x0000000760800000|100%| O|  |TAMS 0x0000000760600000, 0x0000000760600000| Untracked 
| 113|0x0000000760800000, 0x0000000760a00000, 0x0000000760a00000|100%| O|  |TAMS 0x0000000760800000, 0x0000000760800000| Untracked 
| 114|0x0000000760a00000, 0x0000000760c00000, 0x0000000760c00000|100%| O|  |TAMS 0x0000000760a00000, 0x0000000760a00000| Untracked 
| 115|0x0000000760c00000, 0x0000000760e00000, 0x0000000760e00000|100%| O|  |TAMS 0x0000000760c00000, 0x0000000760c00000| Untracked 
| 116|0x0000000760e00000, 0x0000000761000000, 0x0000000761000000|100%| O|  |TAMS 0x0000000760e00000, 0x0000000760e00000| Untracked 
| 117|0x0000000761000000, 0x0000000761200000, 0x0000000761200000|100%| O|  |TAMS 0x0000000761000000, 0x0000000761000000| Untracked 
| 118|0x0000000761200000, 0x0000000761400000, 0x0000000761400000|100%| O|  |TAMS 0x0000000761200000, 0x0000000761200000| Untracked 
| 119|0x0000000761400000, 0x0000000761600000, 0x0000000761600000|100%| O|  |TAMS 0x0000000761400000, 0x0000000761400000| Untracked 
| 120|0x0000000761600000, 0x0000000761800000, 0x0000000761800000|100%| O|  |TAMS 0x0000000761600000, 0x0000000761600000| Untracked 
| 121|0x0000000761800000, 0x0000000761a00000, 0x0000000761a00000|100%| O|  |TAMS 0x0000000761800000, 0x0000000761800000| Untracked 
| 122|0x0000000761a00000, 0x0000000761c00000, 0x0000000761c00000|100%| O|  |TAMS 0x0000000761a00000, 0x0000000761a00000| Untracked 
| 123|0x0000000761c00000, 0x0000000761e00000, 0x0000000761e00000|100%| O|  |TAMS 0x0000000761c00000, 0x0000000761c00000| Untracked 
| 124|0x0000000761e00000, 0x0000000762000000, 0x0000000762000000|100%| O|  |TAMS 0x0000000761e00000, 0x0000000761e00000| Untracked 
| 125|0x0000000762000000, 0x0000000762200000, 0x0000000762200000|100%| O|  |TAMS 0x0000000762000000, 0x0000000762000000| Untracked 
| 126|0x0000000762200000, 0x0000000762400000, 0x0000000762400000|100%| O|  |TAMS 0x0000000762200000, 0x0000000762200000| Untracked 
| 127|0x0000000762400000, 0x0000000762600000, 0x0000000762600000|100%| O|  |TAMS 0x0000000762400000, 0x0000000762400000| Untracked 
| 128|0x0000000762600000, 0x0000000762800000, 0x0000000762800000|100%| O|  |TAMS 0x0000000762600000, 0x0000000762600000| Untracked 
| 129|0x0000000762800000, 0x0000000762a00000, 0x0000000762a00000|100%| O|  |TAMS 0x0000000762800000, 0x0000000762800000| Untracked 
| 130|0x0000000762a00000, 0x0000000762c00000, 0x0000000762c00000|100%| O|  |TAMS 0x0000000762a00000, 0x0000000762a00000| Untracked 
| 131|0x0000000762c00000, 0x0000000762e00000, 0x0000000762e00000|100%| O|  |TAMS 0x0000000762c00000, 0x0000000762c00000| Untracked 
| 132|0x0000000762e00000, 0x0000000763000000, 0x0000000763000000|100%| O|  |TAMS 0x0000000762e00000, 0x0000000762e00000| Untracked 
| 133|0x0000000763000000, 0x0000000763200000, 0x0000000763200000|100%| O|  |TAMS 0x0000000763000000, 0x0000000763000000| Untracked 
| 134|0x0000000763200000, 0x0000000763400000, 0x0000000763400000|100%| O|  |TAMS 0x0000000763200000, 0x0000000763200000| Untracked 
| 135|0x0000000763400000, 0x0000000763600000, 0x0000000763600000|100%| O|  |TAMS 0x0000000763400000, 0x0000000763400000| Untracked 
| 136|0x0000000763600000, 0x0000000763800000, 0x0000000763800000|100%| O|  |TAMS 0x0000000763600000, 0x0000000763600000| Untracked 
| 137|0x0000000763800000, 0x0000000763a00000, 0x0000000763a00000|100%| O|  |TAMS 0x0000000763800000, 0x0000000763800000| Untracked 
| 138|0x0000000763a00000, 0x0000000763c00000, 0x0000000763c00000|100%| O|  |TAMS 0x0000000763a00000, 0x0000000763a00000| Untracked 
| 139|0x0000000763c00000, 0x0000000763d6d400, 0x0000000763e00000| 71%| O|  |TAMS 0x0000000763c00000, 0x0000000763c00000| Untracked 
| 140|0x0000000763e00000, 0x0000000763e00000, 0x0000000764000000|  0%| F|  |TAMS 0x0000000763e00000, 0x0000000763e00000| Untracked 
| 141|0x0000000764000000, 0x0000000764000000, 0x0000000764200000|  0%| F|  |TAMS 0x0000000764000000, 0x0000000764000000| Untracked 
| 142|0x0000000764200000, 0x0000000764200000, 0x0000000764400000|  0%| F|  |TAMS 0x0000000764200000, 0x0000000764200000| Untracked 
| 143|0x0000000764400000, 0x0000000764400000, 0x0000000764600000|  0%| F|  |TAMS 0x0000000764400000, 0x0000000764400000| Untracked 
| 144|0x0000000764600000, 0x0000000764600000, 0x0000000764800000|  0%| F|  |TAMS 0x0000000764600000, 0x0000000764600000| Untracked 
| 145|0x0000000764800000, 0x0000000764800000, 0x0000000764a00000|  0%| F|  |TAMS 0x0000000764800000, 0x0000000764800000| Untracked 
| 146|0x0000000764a00000, 0x0000000764a00000, 0x0000000764c00000|  0%| F|  |TAMS 0x0000000764a00000, 0x0000000764a00000| Untracked 
| 147|0x0000000764c00000, 0x0000000764c00000, 0x0000000764e00000|  0%| F|  |TAMS 0x0000000764c00000, 0x0000000764c00000| Untracked 
| 148|0x0000000764e00000, 0x0000000764e00000, 0x0000000765000000|  0%| F|  |TAMS 0x0000000764e00000, 0x0000000764e00000| Untracked 
| 149|0x0000000765000000, 0x0000000765000000, 0x0000000765200000|  0%| F|  |TAMS 0x0000000765000000, 0x0000000765000000| Untracked 
| 150|0x0000000765200000, 0x0000000765200000, 0x0000000765400000|  0%| F|  |TAMS 0x0000000765200000, 0x0000000765200000| Untracked 
| 151|0x0000000765400000, 0x0000000765400000, 0x0000000765600000|  0%| F|  |TAMS 0x0000000765400000, 0x0000000765400000| Untracked 
| 152|0x0000000765600000, 0x0000000765600000, 0x0000000765800000|  0%| F|  |TAMS 0x0000000765600000, 0x0000000765600000| Untracked 
| 153|0x0000000765800000, 0x0000000765800000, 0x0000000765a00000|  0%| F|  |TAMS 0x0000000765800000, 0x0000000765800000| Untracked 
| 154|0x0000000765a00000, 0x0000000765a00000, 0x0000000765c00000|  0%| F|  |TAMS 0x0000000765a00000, 0x0000000765a00000| Untracked 
| 155|0x0000000765c00000, 0x0000000765c00000, 0x0000000765e00000|  0%| F|  |TAMS 0x0000000765c00000, 0x0000000765c00000| Untracked 
| 156|0x0000000765e00000, 0x0000000765e00000, 0x0000000766000000|  0%| F|  |TAMS 0x0000000765e00000, 0x0000000765e00000| Untracked 
| 157|0x0000000766000000, 0x0000000766000000, 0x0000000766200000|  0%| F|  |TAMS 0x0000000766000000, 0x0000000766000000| Untracked 
| 158|0x0000000766200000, 0x0000000766200000, 0x0000000766400000|  0%| F|  |TAMS 0x0000000766200000, 0x0000000766200000| Untracked 
| 159|0x0000000766400000, 0x0000000766400000, 0x0000000766600000|  0%| F|  |TAMS 0x0000000766400000, 0x0000000766400000| Untracked 
| 160|0x0000000766600000, 0x0000000766600000, 0x0000000766800000|  0%| F|  |TAMS 0x0000000766600000, 0x0000000766600000| Untracked 
| 161|0x0000000766800000, 0x0000000766800000, 0x0000000766a00000|  0%| F|  |TAMS 0x0000000766800000, 0x0000000766800000| Untracked 
| 162|0x0000000766a00000, 0x0000000766a00000, 0x0000000766c00000|  0%| F|  |TAMS 0x0000000766a00000, 0x0000000766a00000| Untracked 
| 163|0x0000000766c00000, 0x0000000766c00000, 0x0000000766e00000|  0%| F|  |TAMS 0x0000000766c00000, 0x0000000766c00000| Untracked 
| 164|0x0000000766e00000, 0x0000000766e00000, 0x0000000767000000|  0%| F|  |TAMS 0x0000000766e00000, 0x0000000766e00000| Untracked 
| 165|0x0000000767000000, 0x0000000767000000, 0x0000000767200000|  0%| F|  |TAMS 0x0000000767000000, 0x0000000767000000| Untracked 
| 166|0x0000000767200000, 0x0000000767200000, 0x0000000767400000|  0%| F|  |TAMS 0x0000000767200000, 0x0000000767200000| Untracked 
| 167|0x0000000767400000, 0x0000000767400000, 0x0000000767600000|  0%| F|  |TAMS 0x0000000767400000, 0x0000000767400000| Untracked 
| 168|0x0000000767600000, 0x0000000767600000, 0x0000000767800000|  0%| F|  |TAMS 0x0000000767600000, 0x0000000767600000| Untracked 
| 169|0x0000000767800000, 0x0000000767800000, 0x0000000767a00000|  0%| F|  |TAMS 0x0000000767800000, 0x0000000767800000| Untracked 
| 170|0x0000000767a00000, 0x0000000767a00000, 0x0000000767c00000|  0%| F|  |TAMS 0x0000000767a00000, 0x0000000767a00000| Untracked 
| 171|0x0000000767c00000, 0x0000000767c00000, 0x0000000767e00000|  0%| F|  |TAMS 0x0000000767c00000, 0x0000000767c00000| Untracked 
| 172|0x0000000767e00000, 0x0000000767e00000, 0x0000000768000000|  0%| F|  |TAMS 0x0000000767e00000, 0x0000000767e00000| Untracked 
| 173|0x0000000768000000, 0x0000000768000000, 0x0000000768200000|  0%| F|  |TAMS 0x0000000768000000, 0x0000000768000000| Untracked 
| 174|0x0000000768200000, 0x0000000768200000, 0x0000000768400000|  0%| F|  |TAMS 0x0000000768200000, 0x0000000768200000| Untracked 
| 175|0x0000000768400000, 0x0000000768400000, 0x0000000768600000|  0%| F|  |TAMS 0x0000000768400000, 0x0000000768400000| Untracked 
| 176|0x0000000768600000, 0x0000000768600000, 0x0000000768800000|  0%| F|  |TAMS 0x0000000768600000, 0x0000000768600000| Untracked 
| 177|0x0000000768800000, 0x0000000768800000, 0x0000000768a00000|  0%| F|  |TAMS 0x0000000768800000, 0x0000000768800000| Untracked 
| 178|0x0000000768a00000, 0x0000000768a00000, 0x0000000768c00000|  0%| F|  |TAMS 0x0000000768a00000, 0x0000000768a00000| Untracked 
| 179|0x0000000768c00000, 0x0000000768c00000, 0x0000000768e00000|  0%| F|  |TAMS 0x0000000768c00000, 0x0000000768c00000| Untracked 
| 180|0x0000000768e00000, 0x0000000768e00000, 0x0000000769000000|  0%| F|  |TAMS 0x0000000768e00000, 0x0000000768e00000| Untracked 
| 181|0x0000000769000000, 0x0000000769000000, 0x0000000769200000|  0%| F|  |TAMS 0x0000000769000000, 0x0000000769000000| Untracked 
| 182|0x0000000769200000, 0x0000000769200000, 0x0000000769400000|  0%| F|  |TAMS 0x0000000769200000, 0x0000000769200000| Untracked 
| 183|0x0000000769400000, 0x0000000769400000, 0x0000000769600000|  0%| F|  |TAMS 0x0000000769400000, 0x0000000769400000| Untracked 
| 184|0x0000000769600000, 0x0000000769600000, 0x0000000769800000|  0%| F|  |TAMS 0x0000000769600000, 0x0000000769600000| Untracked 
| 185|0x0000000769800000, 0x0000000769800000, 0x0000000769a00000|  0%| F|  |TAMS 0x0000000769800000, 0x0000000769800000| Untracked 
| 186|0x0000000769a00000, 0x0000000769a00000, 0x0000000769c00000|  0%| F|  |TAMS 0x0000000769a00000, 0x0000000769a00000| Untracked 
| 187|0x0000000769c00000, 0x0000000769c00000, 0x0000000769e00000|  0%| F|  |TAMS 0x0000000769c00000, 0x0000000769c00000| Untracked 
| 188|0x0000000769e00000, 0x0000000769e00000, 0x000000076a000000|  0%| F|  |TAMS 0x0000000769e00000, 0x0000000769e00000| Untracked 
| 189|0x000000076a000000, 0x000000076a000000, 0x000000076a200000|  0%| F|  |TAMS 0x000000076a000000, 0x000000076a000000| Untracked 
| 190|0x000000076a200000, 0x000000076a200000, 0x000000076a400000|  0%| F|  |TAMS 0x000000076a200000, 0x000000076a200000| Untracked 
| 191|0x000000076a400000, 0x000000076a400000, 0x000000076a600000|  0%| F|  |TAMS 0x000000076a400000, 0x000000076a400000| Untracked 
| 192|0x000000076a600000, 0x000000076a600000, 0x000000076a800000|  0%| F|  |TAMS 0x000000076a600000, 0x000000076a600000| Untracked 
| 193|0x000000076a800000, 0x000000076a800000, 0x000000076aa00000|  0%| F|  |TAMS 0x000000076a800000, 0x000000076a800000| Untracked 
| 194|0x000000076aa00000, 0x000000076aa00000, 0x000000076ac00000|  0%| F|  |TAMS 0x000000076aa00000, 0x000000076aa00000| Untracked 
| 195|0x000000076ac00000, 0x000000076ac00000, 0x000000076ae00000|  0%| F|  |TAMS 0x000000076ac00000, 0x000000076ac00000| Untracked 
| 196|0x000000076ae00000, 0x000000076af2ca30, 0x000000076b000000| 58%| S|CS|TAMS 0x000000076ae00000, 0x000000076ae00000| Complete 
| 197|0x000000076b000000, 0x000000076b200000, 0x000000076b200000|100%| S|CS|TAMS 0x000000076b000000, 0x000000076b000000| Complete 
| 198|0x000000076b200000, 0x000000076b400000, 0x000000076b400000|100%| S|CS|TAMS 0x000000076b200000, 0x000000076b200000| Complete 
| 199|0x000000076b400000, 0x000000076b600000, 0x000000076b600000|100%| S|CS|TAMS 0x000000076b400000, 0x000000076b400000| Complete 
| 200|0x000000076b600000, 0x000000076b800000, 0x000000076b800000|100%| S|CS|TAMS 0x000000076b600000, 0x000000076b600000| Complete 
| 201|0x000000076b800000, 0x000000076ba00000, 0x000000076ba00000|100%| S|CS|TAMS 0x000000076b800000, 0x000000076b800000| Complete 
| 202|0x000000076ba00000, 0x000000076ba00000, 0x000000076bc00000|  0%| F|  |TAMS 0x000000076ba00000, 0x000000076ba00000| Untracked 
| 203|0x000000076bc00000, 0x000000076bc00000, 0x000000076be00000|  0%| F|  |TAMS 0x000000076bc00000, 0x000000076bc00000| Untracked 
| 204|0x000000076be00000, 0x000000076be00000, 0x000000076c000000|  0%| F|  |TAMS 0x000000076be00000, 0x000000076be00000| Untracked 
| 205|0x000000076c000000, 0x000000076c000000, 0x000000076c200000|  0%| F|  |TAMS 0x000000076c000000, 0x000000076c000000| Untracked 
| 206|0x000000076c200000, 0x000000076c200000, 0x000000076c400000|  0%| F|  |TAMS 0x000000076c200000, 0x000000076c200000| Untracked 
| 207|0x000000076c400000, 0x000000076c400000, 0x000000076c600000|  0%| F|  |TAMS 0x000000076c400000, 0x000000076c400000| Untracked 
| 208|0x000000076c600000, 0x000000076c600000, 0x000000076c800000|  0%| F|  |TAMS 0x000000076c600000, 0x000000076c600000| Untracked 
| 209|0x000000076c800000, 0x000000076c800000, 0x000000076ca00000|  0%| F|  |TAMS 0x000000076c800000, 0x000000076c800000| Untracked 
| 210|0x000000076ca00000, 0x000000076ca00000, 0x000000076cc00000|  0%| F|  |TAMS 0x000000076ca00000, 0x000000076ca00000| Untracked 
| 211|0x000000076cc00000, 0x000000076cc00000, 0x000000076ce00000|  0%| F|  |TAMS 0x000000076cc00000, 0x000000076cc00000| Untracked 
| 212|0x000000076ce00000, 0x000000076ce00000, 0x000000076d000000|  0%| F|  |TAMS 0x000000076ce00000, 0x000000076ce00000| Untracked 
| 213|0x000000076d000000, 0x000000076d000000, 0x000000076d200000|  0%| F|  |TAMS 0x000000076d000000, 0x000000076d000000| Untracked 
| 214|0x000000076d200000, 0x000000076d200000, 0x000000076d400000|  0%| F|  |TAMS 0x000000076d200000, 0x000000076d200000| Untracked 
| 215|0x000000076d400000, 0x000000076d400000, 0x000000076d600000|  0%| F|  |TAMS 0x000000076d400000, 0x000000076d400000| Untracked 
| 216|0x000000076d600000, 0x000000076d600000, 0x000000076d800000|  0%| F|  |TAMS 0x000000076d600000, 0x000000076d600000| Untracked 
| 217|0x000000076d800000, 0x000000076d800000, 0x000000076da00000|  0%| F|  |TAMS 0x000000076d800000, 0x000000076d800000| Untracked 
| 218|0x000000076da00000, 0x000000076da00000, 0x000000076dc00000|  0%| F|  |TAMS 0x000000076da00000, 0x000000076da00000| Untracked 
| 219|0x000000076dc00000, 0x000000076dc00000, 0x000000076de00000|  0%| F|  |TAMS 0x000000076dc00000, 0x000000076dc00000| Untracked 
| 220|0x000000076de00000, 0x000000076de00000, 0x000000076e000000|  0%| F|  |TAMS 0x000000076de00000, 0x000000076de00000| Untracked 
| 221|0x000000076e000000, 0x000000076e200000, 0x000000076e200000|100%| S|CS|TAMS 0x000000076e000000, 0x000000076e000000| Complete 
| 222|0x000000076e200000, 0x000000076e400000, 0x000000076e400000|100%| S|CS|TAMS 0x000000076e200000, 0x000000076e200000| Complete 
| 223|0x000000076e400000, 0x000000076e600000, 0x000000076e600000|100%| S|CS|TAMS 0x000000076e400000, 0x000000076e400000| Complete 
| 224|0x000000076e600000, 0x000000076e800000, 0x000000076e800000|100%| S|CS|TAMS 0x000000076e600000, 0x000000076e600000| Complete 
| 225|0x000000076e800000, 0x000000076ea00000, 0x000000076ea00000|100%| S|CS|TAMS 0x000000076e800000, 0x000000076e800000| Complete 
| 226|0x000000076ea00000, 0x000000076ec00000, 0x000000076ec00000|100%| S|CS|TAMS 0x000000076ea00000, 0x000000076ea00000| Complete 
| 227|0x000000076ec00000, 0x000000076ee00000, 0x000000076ee00000|100%| S|CS|TAMS 0x000000076ec00000, 0x000000076ec00000| Complete 
| 228|0x000000076ee00000, 0x000000076f000000, 0x000000076f000000|100%| S|CS|TAMS 0x000000076ee00000, 0x000000076ee00000| Complete 
| 229|0x000000076f000000, 0x000000076f200000, 0x000000076f200000|100%| S|CS|TAMS 0x000000076f000000, 0x000000076f000000| Complete 
| 230|0x000000076f200000, 0x000000076f400000, 0x000000076f400000|100%| S|CS|TAMS 0x000000076f200000, 0x000000076f200000| Complete 
| 231|0x000000076f400000, 0x000000076f600000, 0x000000076f600000|100%| S|CS|TAMS 0x000000076f400000, 0x000000076f400000| Complete 
| 232|0x000000076f600000, 0x000000076f800000, 0x000000076f800000|100%| S|CS|TAMS 0x000000076f600000, 0x000000076f600000| Complete 
| 233|0x000000076f800000, 0x000000076f800000, 0x000000076fa00000|  0%| F|  |TAMS 0x000000076f800000, 0x000000076f800000| Untracked 
| 234|0x000000076fa00000, 0x000000076fa00000, 0x000000076fc00000|  0%| F|  |TAMS 0x000000076fa00000, 0x000000076fa00000| Untracked 
| 235|0x000000076fc00000, 0x000000076fc00000, 0x000000076fe00000|  0%| F|  |TAMS 0x000000076fc00000, 0x000000076fc00000| Untracked 
| 236|0x000000076fe00000, 0x000000076fe00000, 0x0000000770000000|  0%| F|  |TAMS 0x000000076fe00000, 0x000000076fe00000| Untracked 
| 237|0x0000000770000000, 0x0000000770000000, 0x0000000770200000|  0%| F|  |TAMS 0x0000000770000000, 0x0000000770000000| Untracked 
| 238|0x0000000770200000, 0x0000000770200000, 0x0000000770400000|  0%| F|  |TAMS 0x0000000770200000, 0x0000000770200000| Untracked 
| 239|0x0000000770400000, 0x0000000770400000, 0x0000000770600000|  0%| F|  |TAMS 0x0000000770400000, 0x0000000770400000| Untracked 
| 240|0x0000000770600000, 0x0000000770600000, 0x0000000770800000|  0%| F|  |TAMS 0x0000000770600000, 0x0000000770600000| Untracked 
| 241|0x0000000770800000, 0x0000000770800000, 0x0000000770a00000|  0%| F|  |TAMS 0x0000000770800000, 0x0000000770800000| Untracked 
| 242|0x0000000770a00000, 0x0000000770a00000, 0x0000000770c00000|  0%| F|  |TAMS 0x0000000770a00000, 0x0000000770a00000| Untracked 
| 243|0x0000000770c00000, 0x0000000770c00000, 0x0000000770e00000|  0%| F|  |TAMS 0x0000000770c00000, 0x0000000770c00000| Untracked 
| 244|0x0000000770e00000, 0x0000000770e00000, 0x0000000771000000|  0%| F|  |TAMS 0x0000000770e00000, 0x0000000770e00000| Untracked 
| 245|0x0000000771000000, 0x0000000771000000, 0x0000000771200000|  0%| F|  |TAMS 0x0000000771000000, 0x0000000771000000| Untracked 
| 246|0x0000000771200000, 0x0000000771200000, 0x0000000771400000|  0%| F|  |TAMS 0x0000000771200000, 0x0000000771200000| Untracked 
| 247|0x0000000771400000, 0x0000000771400000, 0x0000000771600000|  0%| F|  |TAMS 0x0000000771400000, 0x0000000771400000| Untracked 
| 248|0x0000000771600000, 0x0000000771600000, 0x0000000771800000|  0%| F|  |TAMS 0x0000000771600000, 0x0000000771600000| Untracked 
| 249|0x0000000771800000, 0x0000000771800000, 0x0000000771a00000|  0%| F|  |TAMS 0x0000000771800000, 0x0000000771800000| Untracked 
| 250|0x0000000771a00000, 0x0000000771a00000, 0x0000000771c00000|  0%| F|  |TAMS 0x0000000771a00000, 0x0000000771a00000| Untracked 
| 251|0x0000000771c00000, 0x0000000771c00000, 0x0000000771e00000|  0%| F|  |TAMS 0x0000000771c00000, 0x0000000771c00000| Untracked 
| 252|0x0000000771e00000, 0x0000000771e00000, 0x0000000772000000|  0%| F|  |TAMS 0x0000000771e00000, 0x0000000771e00000| Untracked 
| 253|0x0000000772000000, 0x0000000772000000, 0x0000000772200000|  0%| F|  |TAMS 0x0000000772000000, 0x0000000772000000| Untracked 
| 254|0x0000000772200000, 0x0000000772200000, 0x0000000772400000|  0%| F|  |TAMS 0x0000000772200000, 0x0000000772200000| Untracked 
| 255|0x0000000772400000, 0x0000000772400000, 0x0000000772600000|  0%| F|  |TAMS 0x0000000772400000, 0x0000000772400000| Untracked 
| 256|0x0000000772600000, 0x0000000772600000, 0x0000000772800000|  0%| F|  |TAMS 0x0000000772600000, 0x0000000772600000| Untracked 
| 257|0x0000000772800000, 0x0000000772800000, 0x0000000772a00000|  0%| F|  |TAMS 0x0000000772800000, 0x0000000772800000| Untracked 
| 258|0x0000000772a00000, 0x0000000772a00000, 0x0000000772c00000|  0%| F|  |TAMS 0x0000000772a00000, 0x0000000772a00000| Untracked 
| 259|0x0000000772c00000, 0x0000000772c00000, 0x0000000772e00000|  0%| F|  |TAMS 0x0000000772c00000, 0x0000000772c00000| Untracked 
| 260|0x0000000772e00000, 0x0000000772e00000, 0x0000000773000000|  0%| F|  |TAMS 0x0000000772e00000, 0x0000000772e00000| Untracked 
| 261|0x0000000773000000, 0x0000000773000000, 0x0000000773200000|  0%| F|  |TAMS 0x0000000773000000, 0x0000000773000000| Untracked 
| 262|0x0000000773200000, 0x0000000773200000, 0x0000000773400000|  0%| F|  |TAMS 0x0000000773200000, 0x0000000773200000| Untracked 
| 263|0x0000000773400000, 0x0000000773400000, 0x0000000773600000|  0%| F|  |TAMS 0x0000000773400000, 0x0000000773400000| Untracked 
| 264|0x0000000773600000, 0x0000000773600000, 0x0000000773800000|  0%| F|  |TAMS 0x0000000773600000, 0x0000000773600000| Untracked 
| 265|0x0000000773800000, 0x0000000773800000, 0x0000000773a00000|  0%| F|  |TAMS 0x0000000773800000, 0x0000000773800000| Untracked 
| 266|0x0000000773a00000, 0x0000000773a00000, 0x0000000773c00000|  0%| F|  |TAMS 0x0000000773a00000, 0x0000000773a00000| Untracked 
| 267|0x0000000773c00000, 0x0000000773c00000, 0x0000000773e00000|  0%| F|  |TAMS 0x0000000773c00000, 0x0000000773c00000| Untracked 
| 268|0x0000000773e00000, 0x0000000773e00000, 0x0000000774000000|  0%| F|  |TAMS 0x0000000773e00000, 0x0000000773e00000| Untracked 
| 269|0x0000000774000000, 0x0000000774000000, 0x0000000774200000|  0%| F|  |TAMS 0x0000000774000000, 0x0000000774000000| Untracked 
| 270|0x0000000774200000, 0x0000000774200000, 0x0000000774400000|  0%| F|  |TAMS 0x0000000774200000, 0x0000000774200000| Untracked 
| 271|0x0000000774400000, 0x0000000774400000, 0x0000000774600000|  0%| F|  |TAMS 0x0000000774400000, 0x0000000774400000| Untracked 
| 272|0x0000000774600000, 0x0000000774600000, 0x0000000774800000|  0%| F|  |TAMS 0x0000000774600000, 0x0000000774600000| Untracked 
| 273|0x0000000774800000, 0x0000000774800000, 0x0000000774a00000|  0%| F|  |TAMS 0x0000000774800000, 0x0000000774800000| Untracked 
| 274|0x0000000774a00000, 0x0000000774a00000, 0x0000000774c00000|  0%| F|  |TAMS 0x0000000774a00000, 0x0000000774a00000| Untracked 
| 275|0x0000000774c00000, 0x0000000774c00000, 0x0000000774e00000|  0%| F|  |TAMS 0x0000000774c00000, 0x0000000774c00000| Untracked 
| 276|0x0000000774e00000, 0x0000000774e00000, 0x0000000775000000|  0%| F|  |TAMS 0x0000000774e00000, 0x0000000774e00000| Untracked 
| 277|0x0000000775000000, 0x0000000775000000, 0x0000000775200000|  0%| F|  |TAMS 0x0000000775000000, 0x0000000775000000| Untracked 
| 278|0x0000000775200000, 0x0000000775200000, 0x0000000775400000|  0%| F|  |TAMS 0x0000000775200000, 0x0000000775200000| Untracked 
| 279|0x0000000775400000, 0x0000000775400000, 0x0000000775600000|  0%| F|  |TAMS 0x0000000775400000, 0x0000000775400000| Untracked 
| 280|0x0000000775600000, 0x0000000775600000, 0x0000000775800000|  0%| F|  |TAMS 0x0000000775600000, 0x0000000775600000| Untracked 
| 281|0x0000000775800000, 0x0000000775800000, 0x0000000775a00000|  0%| F|  |TAMS 0x0000000775800000, 0x0000000775800000| Untracked 
| 282|0x0000000775a00000, 0x0000000775a00000, 0x0000000775c00000|  0%| F|  |TAMS 0x0000000775a00000, 0x0000000775a00000| Untracked 
| 283|0x0000000775c00000, 0x0000000775c00000, 0x0000000775e00000|  0%| F|  |TAMS 0x0000000775c00000, 0x0000000775c00000| Untracked 
| 284|0x0000000775e00000, 0x0000000775e00000, 0x0000000776000000|  0%| F|  |TAMS 0x0000000775e00000, 0x0000000775e00000| Untracked 
| 285|0x0000000776000000, 0x0000000776000000, 0x0000000776200000|  0%| F|  |TAMS 0x0000000776000000, 0x0000000776000000| Untracked 
| 286|0x0000000776200000, 0x0000000776200000, 0x0000000776400000|  0%| F|  |TAMS 0x0000000776200000, 0x0000000776200000| Untracked 
| 287|0x0000000776400000, 0x0000000776400000, 0x0000000776600000|  0%| F|  |TAMS 0x0000000776400000, 0x0000000776400000| Untracked 
| 288|0x0000000776600000, 0x0000000776600000, 0x0000000776800000|  0%| F|  |TAMS 0x0000000776600000, 0x0000000776600000| Untracked 
| 289|0x0000000776800000, 0x0000000776800000, 0x0000000776a00000|  0%| F|  |TAMS 0x0000000776800000, 0x0000000776800000| Untracked 
| 290|0x0000000776a00000, 0x0000000776a00000, 0x0000000776c00000|  0%| F|  |TAMS 0x0000000776a00000, 0x0000000776a00000| Untracked 
| 291|0x0000000776c00000, 0x0000000776c00000, 0x0000000776e00000|  0%| F|  |TAMS 0x0000000776c00000, 0x0000000776c00000| Untracked 
| 292|0x0000000776e00000, 0x0000000776e00000, 0x0000000777000000|  0%| F|  |TAMS 0x0000000776e00000, 0x0000000776e00000| Untracked 
| 293|0x0000000777000000, 0x0000000777000000, 0x0000000777200000|  0%| F|  |TAMS 0x0000000777000000, 0x0000000777000000| Untracked 
| 294|0x0000000777200000, 0x0000000777200000, 0x0000000777400000|  0%| F|  |TAMS 0x0000000777200000, 0x0000000777200000| Untracked 
| 295|0x0000000777400000, 0x0000000777400000, 0x0000000777600000|  0%| F|  |TAMS 0x0000000777400000, 0x0000000777400000| Untracked 
| 296|0x0000000777600000, 0x0000000777600000, 0x0000000777800000|  0%| F|  |TAMS 0x0000000777600000, 0x0000000777600000| Untracked 
| 297|0x0000000777800000, 0x0000000777800000, 0x0000000777a00000|  0%| F|  |TAMS 0x0000000777800000, 0x0000000777800000| Untracked 
| 298|0x0000000777a00000, 0x0000000777a00000, 0x0000000777c00000|  0%| F|  |TAMS 0x0000000777a00000, 0x0000000777a00000| Untracked 
| 299|0x0000000777c00000, 0x0000000777c00000, 0x0000000777e00000|  0%| F|  |TAMS 0x0000000777c00000, 0x0000000777c00000| Untracked 
| 300|0x0000000777e00000, 0x0000000777e00000, 0x0000000778000000|  0%| F|  |TAMS 0x0000000777e00000, 0x0000000777e00000| Untracked 
| 301|0x0000000778000000, 0x0000000778000000, 0x0000000778200000|  0%| F|  |TAMS 0x0000000778000000, 0x0000000778000000| Untracked 
| 302|0x0000000778200000, 0x0000000778200000, 0x0000000778400000|  0%| F|  |TAMS 0x0000000778200000, 0x0000000778200000| Untracked 
| 303|0x0000000778400000, 0x0000000778400000, 0x0000000778600000|  0%| F|  |TAMS 0x0000000778400000, 0x0000000778400000| Untracked 
| 304|0x0000000778600000, 0x0000000778600000, 0x0000000778800000|  0%| F|  |TAMS 0x0000000778600000, 0x0000000778600000| Untracked 
| 305|0x0000000778800000, 0x0000000778800000, 0x0000000778a00000|  0%| F|  |TAMS 0x0000000778800000, 0x0000000778800000| Untracked 
| 306|0x0000000778a00000, 0x0000000778a00000, 0x0000000778c00000|  0%| F|  |TAMS 0x0000000778a00000, 0x0000000778a00000| Untracked 
| 307|0x0000000778c00000, 0x0000000778c00000, 0x0000000778e00000|  0%| F|  |TAMS 0x0000000778c00000, 0x0000000778c00000| Untracked 
| 308|0x0000000778e00000, 0x0000000778e00000, 0x0000000779000000|  0%| F|  |TAMS 0x0000000778e00000, 0x0000000778e00000| Untracked 
| 309|0x0000000779000000, 0x0000000779000000, 0x0000000779200000|  0%| F|  |TAMS 0x0000000779000000, 0x0000000779000000| Untracked 
| 310|0x0000000779200000, 0x0000000779200000, 0x0000000779400000|  0%| F|  |TAMS 0x0000000779200000, 0x0000000779200000| Untracked 
| 311|0x0000000779400000, 0x0000000779400000, 0x0000000779600000|  0%| F|  |TAMS 0x0000000779400000, 0x0000000779400000| Untracked 
| 312|0x0000000779600000, 0x0000000779600000, 0x0000000779800000|  0%| F|  |TAMS 0x0000000779600000, 0x0000000779600000| Untracked 
| 313|0x0000000779800000, 0x0000000779800000, 0x0000000779a00000|  0%| F|  |TAMS 0x0000000779800000, 0x0000000779800000| Untracked 
| 314|0x0000000779a00000, 0x0000000779a00000, 0x0000000779c00000|  0%| F|  |TAMS 0x0000000779a00000, 0x0000000779a00000| Untracked 
| 315|0x0000000779c00000, 0x0000000779c00000, 0x0000000779e00000|  0%| F|  |TAMS 0x0000000779c00000, 0x0000000779c00000| Untracked 
| 316|0x0000000779e00000, 0x0000000779e00000, 0x000000077a000000|  0%| F|  |TAMS 0x0000000779e00000, 0x0000000779e00000| Untracked 
| 317|0x000000077a000000, 0x000000077a000000, 0x000000077a200000|  0%| F|  |TAMS 0x000000077a000000, 0x000000077a000000| Untracked 
| 318|0x000000077a200000, 0x000000077a200000, 0x000000077a400000|  0%| F|  |TAMS 0x000000077a200000, 0x000000077a200000| Untracked 
| 319|0x000000077a400000, 0x000000077a400000, 0x000000077a600000|  0%| F|  |TAMS 0x000000077a400000, 0x000000077a400000| Untracked 
| 320|0x000000077a600000, 0x000000077a600000, 0x000000077a800000|  0%| F|  |TAMS 0x000000077a600000, 0x000000077a600000| Untracked 
| 321|0x000000077a800000, 0x000000077a800000, 0x000000077aa00000|  0%| F|  |TAMS 0x000000077a800000, 0x000000077a800000| Untracked 
| 322|0x000000077aa00000, 0x000000077aa00000, 0x000000077ac00000|  0%| F|  |TAMS 0x000000077aa00000, 0x000000077aa00000| Untracked 
| 323|0x000000077ac00000, 0x000000077ac00000, 0x000000077ae00000|  0%| F|  |TAMS 0x000000077ac00000, 0x000000077ac00000| Untracked 
| 324|0x000000077ae00000, 0x000000077ae00000, 0x000000077b000000|  0%| F|  |TAMS 0x000000077ae00000, 0x000000077ae00000| Untracked 
| 325|0x000000077b000000, 0x000000077b000000, 0x000000077b200000|  0%| F|  |TAMS 0x000000077b000000, 0x000000077b000000| Untracked 
| 326|0x000000077b200000, 0x000000077b200000, 0x000000077b400000|  0%| F|  |TAMS 0x000000077b200000, 0x000000077b200000| Untracked 
| 327|0x000000077b400000, 0x000000077b400000, 0x000000077b600000|  0%| F|  |TAMS 0x000000077b400000, 0x000000077b400000| Untracked 
| 328|0x000000077b600000, 0x000000077b600000, 0x000000077b800000|  0%| F|  |TAMS 0x000000077b600000, 0x000000077b600000| Untracked 
| 329|0x000000077b800000, 0x000000077b800000, 0x000000077ba00000|  0%| F|  |TAMS 0x000000077b800000, 0x000000077b800000| Untracked 
| 330|0x000000077ba00000, 0x000000077ba00000, 0x000000077bc00000|  0%| F|  |TAMS 0x000000077ba00000, 0x000000077ba00000| Untracked 
| 331|0x000000077bc00000, 0x000000077bc00000, 0x000000077be00000|  0%| F|  |TAMS 0x000000077bc00000, 0x000000077bc00000| Untracked 
| 332|0x000000077be00000, 0x000000077be00000, 0x000000077c000000|  0%| F|  |TAMS 0x000000077be00000, 0x000000077be00000| Untracked 
| 333|0x000000077c000000, 0x000000077c000000, 0x000000077c200000|  0%| F|  |TAMS 0x000000077c000000, 0x000000077c000000| Untracked 
| 334|0x000000077c200000, 0x000000077c200000, 0x000000077c400000|  0%| F|  |TAMS 0x000000077c200000, 0x000000077c200000| Untracked 
| 335|0x000000077c400000, 0x000000077c400000, 0x000000077c600000|  0%| F|  |TAMS 0x000000077c400000, 0x000000077c400000| Untracked 
| 336|0x000000077c600000, 0x000000077c600000, 0x000000077c800000|  0%| F|  |TAMS 0x000000077c600000, 0x000000077c600000| Untracked 
| 337|0x000000077c800000, 0x000000077c800000, 0x000000077ca00000|  0%| F|  |TAMS 0x000000077c800000, 0x000000077c800000| Untracked 
| 338|0x000000077ca00000, 0x000000077ca00000, 0x000000077cc00000|  0%| F|  |TAMS 0x000000077ca00000, 0x000000077ca00000| Untracked 
| 339|0x000000077cc00000, 0x000000077cc00000, 0x000000077ce00000|  0%| F|  |TAMS 0x000000077cc00000, 0x000000077cc00000| Untracked 
| 340|0x000000077ce00000, 0x000000077ce00000, 0x000000077d000000|  0%| F|  |TAMS 0x000000077ce00000, 0x000000077ce00000| Untracked 
| 341|0x000000077d000000, 0x000000077d000000, 0x000000077d200000|  0%| F|  |TAMS 0x000000077d000000, 0x000000077d000000| Untracked 
| 342|0x000000077d200000, 0x000000077d200000, 0x000000077d400000|  0%| F|  |TAMS 0x000000077d200000, 0x000000077d200000| Untracked 
| 343|0x000000077d400000, 0x000000077d400000, 0x000000077d600000|  0%| F|  |TAMS 0x000000077d400000, 0x000000077d400000| Untracked 
| 344|0x000000077d600000, 0x000000077d600000, 0x000000077d800000|  0%| F|  |TAMS 0x000000077d600000, 0x000000077d600000| Untracked 
| 345|0x000000077d800000, 0x000000077d800000, 0x000000077da00000|  0%| F|  |TAMS 0x000000077d800000, 0x000000077d800000| Untracked 
| 346|0x000000077da00000, 0x000000077da00000, 0x000000077dc00000|  0%| F|  |TAMS 0x000000077da00000, 0x000000077da00000| Untracked 
| 347|0x000000077dc00000, 0x000000077dc00000, 0x000000077de00000|  0%| F|  |TAMS 0x000000077dc00000, 0x000000077dc00000| Untracked 
| 348|0x000000077de00000, 0x000000077de00000, 0x000000077e000000|  0%| F|  |TAMS 0x000000077de00000, 0x000000077de00000| Untracked 
| 349|0x000000077e000000, 0x000000077e000000, 0x000000077e200000|  0%| F|  |TAMS 0x000000077e000000, 0x000000077e000000| Untracked 
| 350|0x000000077e200000, 0x000000077e200000, 0x000000077e400000|  0%| F|  |TAMS 0x000000077e200000, 0x000000077e200000| Untracked 
| 351|0x000000077e400000, 0x000000077e400000, 0x000000077e600000|  0%| F|  |TAMS 0x000000077e400000, 0x000000077e400000| Untracked 
| 352|0x000000077e600000, 0x000000077e600000, 0x000000077e800000|  0%| F|  |TAMS 0x000000077e600000, 0x000000077e600000| Untracked 
| 353|0x000000077e800000, 0x000000077e800000, 0x000000077ea00000|  0%| F|  |TAMS 0x000000077e800000, 0x000000077e800000| Untracked 
| 354|0x000000077ea00000, 0x000000077ea00000, 0x000000077ec00000|  0%| F|  |TAMS 0x000000077ea00000, 0x000000077ea00000| Untracked 
| 355|0x000000077ec00000, 0x000000077ec00000, 0x000000077ee00000|  0%| F|  |TAMS 0x000000077ec00000, 0x000000077ec00000| Untracked 
| 356|0x000000077ee00000, 0x000000077ee00000, 0x000000077f000000|  0%| F|  |TAMS 0x000000077ee00000, 0x000000077ee00000| Untracked 
| 357|0x000000077f000000, 0x000000077f000000, 0x000000077f200000|  0%| F|  |TAMS 0x000000077f000000, 0x000000077f000000| Untracked 
| 358|0x000000077f200000, 0x000000077f200000, 0x000000077f400000|  0%| F|  |TAMS 0x000000077f200000, 0x000000077f200000| Untracked 
| 359|0x000000077f400000, 0x000000077f400000, 0x000000077f600000|  0%| F|  |TAMS 0x000000077f400000, 0x000000077f400000| Untracked 
| 360|0x000000077f600000, 0x000000077f600000, 0x000000077f800000|  0%| F|  |TAMS 0x000000077f600000, 0x000000077f600000| Untracked 
| 361|0x000000077f800000, 0x000000077f800000, 0x000000077fa00000|  0%| F|  |TAMS 0x000000077f800000, 0x000000077f800000| Untracked 
| 362|0x000000077fa00000, 0x000000077fa00000, 0x000000077fc00000|  0%| F|  |TAMS 0x000000077fa00000, 0x000000077fa00000| Untracked 
| 363|0x000000077fc00000, 0x000000077fc00000, 0x000000077fe00000|  0%| F|  |TAMS 0x000000077fc00000, 0x000000077fc00000| Untracked 
| 364|0x000000077fe00000, 0x000000077fe00000, 0x0000000780000000|  0%| F|  |TAMS 0x000000077fe00000, 0x000000077fe00000| Untracked 
| 365|0x0000000780000000, 0x0000000780000000, 0x0000000780200000|  0%| F|  |TAMS 0x0000000780000000, 0x0000000780000000| Untracked 
| 366|0x0000000780200000, 0x0000000780200000, 0x0000000780400000|  0%| F|  |TAMS 0x0000000780200000, 0x0000000780200000| Untracked 
| 367|0x0000000780400000, 0x0000000780400000, 0x0000000780600000|  0%| F|  |TAMS 0x0000000780400000, 0x0000000780400000| Untracked 
| 368|0x0000000780600000, 0x0000000780600000, 0x0000000780800000|  0%| F|  |TAMS 0x0000000780600000, 0x0000000780600000| Untracked 
| 369|0x0000000780800000, 0x0000000780800000, 0x0000000780a00000|  0%| F|  |TAMS 0x0000000780800000, 0x0000000780800000| Untracked 
| 370|0x0000000780a00000, 0x0000000780a00000, 0x0000000780c00000|  0%| F|  |TAMS 0x0000000780a00000, 0x0000000780a00000| Untracked 
| 371|0x0000000780c00000, 0x0000000780c00000, 0x0000000780e00000|  0%| F|  |TAMS 0x0000000780c00000, 0x0000000780c00000| Untracked 
| 372|0x0000000780e00000, 0x0000000780e00000, 0x0000000781000000|  0%| F|  |TAMS 0x0000000780e00000, 0x0000000780e00000| Untracked 
| 373|0x0000000781000000, 0x0000000781000000, 0x0000000781200000|  0%| F|  |TAMS 0x0000000781000000, 0x0000000781000000| Untracked 
| 374|0x0000000781200000, 0x0000000781200000, 0x0000000781400000|  0%| F|  |TAMS 0x0000000781200000, 0x0000000781200000| Untracked 
| 375|0x0000000781400000, 0x0000000781400000, 0x0000000781600000|  0%| F|  |TAMS 0x0000000781400000, 0x0000000781400000| Untracked 
| 376|0x0000000781600000, 0x0000000781600000, 0x0000000781800000|  0%| F|  |TAMS 0x0000000781600000, 0x0000000781600000| Untracked 
| 377|0x0000000781800000, 0x0000000781800000, 0x0000000781a00000|  0%| F|  |TAMS 0x0000000781800000, 0x0000000781800000| Untracked 
| 378|0x0000000781a00000, 0x0000000781a00000, 0x0000000781c00000|  0%| F|  |TAMS 0x0000000781a00000, 0x0000000781a00000| Untracked 
| 379|0x0000000781c00000, 0x0000000781c00000, 0x0000000781e00000|  0%| F|  |TAMS 0x0000000781c00000, 0x0000000781c00000| Untracked 
| 380|0x0000000781e00000, 0x0000000781e00000, 0x0000000782000000|  0%| F|  |TAMS 0x0000000781e00000, 0x0000000781e00000| Untracked 
| 381|0x0000000782000000, 0x0000000782000000, 0x0000000782200000|  0%| F|  |TAMS 0x0000000782000000, 0x0000000782000000| Untracked 
| 382|0x0000000782200000, 0x0000000782200000, 0x0000000782400000|  0%| F|  |TAMS 0x0000000782200000, 0x0000000782200000| Untracked 
| 383|0x0000000782400000, 0x0000000782400000, 0x0000000782600000|  0%| F|  |TAMS 0x0000000782400000, 0x0000000782400000| Untracked 
| 384|0x0000000782600000, 0x0000000782600000, 0x0000000782800000|  0%| F|  |TAMS 0x0000000782600000, 0x0000000782600000| Untracked 
| 385|0x0000000782800000, 0x0000000782800000, 0x0000000782a00000|  0%| F|  |TAMS 0x0000000782800000, 0x0000000782800000| Untracked 
| 386|0x0000000782a00000, 0x0000000782a00000, 0x0000000782c00000|  0%| F|  |TAMS 0x0000000782a00000, 0x0000000782a00000| Untracked 
| 387|0x0000000782c00000, 0x0000000782c00000, 0x0000000782e00000|  0%| F|  |TAMS 0x0000000782c00000, 0x0000000782c00000| Untracked 
| 388|0x0000000782e00000, 0x0000000782e00000, 0x0000000783000000|  0%| F|  |TAMS 0x0000000782e00000, 0x0000000782e00000| Untracked 
| 389|0x0000000783000000, 0x0000000783000000, 0x0000000783200000|  0%| F|  |TAMS 0x0000000783000000, 0x0000000783000000| Untracked 
| 390|0x0000000783200000, 0x0000000783200000, 0x0000000783400000|  0%| F|  |TAMS 0x0000000783200000, 0x0000000783200000| Untracked 
| 391|0x0000000783400000, 0x0000000783400000, 0x0000000783600000|  0%| F|  |TAMS 0x0000000783400000, 0x0000000783400000| Untracked 
| 392|0x0000000783600000, 0x0000000783600000, 0x0000000783800000|  0%| F|  |TAMS 0x0000000783600000, 0x0000000783600000| Untracked 
| 393|0x0000000783800000, 0x0000000783800000, 0x0000000783a00000|  0%| F|  |TAMS 0x0000000783800000, 0x0000000783800000| Untracked 
| 394|0x0000000783a00000, 0x0000000783a00000, 0x0000000783c00000|  0%| F|  |TAMS 0x0000000783a00000, 0x0000000783a00000| Untracked 
| 395|0x0000000783c00000, 0x0000000783c00000, 0x0000000783e00000|  0%| F|  |TAMS 0x0000000783c00000, 0x0000000783c00000| Untracked 
| 396|0x0000000783e00000, 0x0000000783e00000, 0x0000000784000000|  0%| F|  |TAMS 0x0000000783e00000, 0x0000000783e00000| Untracked 
| 397|0x0000000784000000, 0x0000000784000000, 0x0000000784200000|  0%| F|  |TAMS 0x0000000784000000, 0x0000000784000000| Untracked 
| 398|0x0000000784200000, 0x0000000784200000, 0x0000000784400000|  0%| F|  |TAMS 0x0000000784200000, 0x0000000784200000| Untracked 
| 399|0x0000000784400000, 0x0000000784400000, 0x0000000784600000|  0%| F|  |TAMS 0x0000000784400000, 0x0000000784400000| Untracked 
| 400|0x0000000784600000, 0x0000000784600000, 0x0000000784800000|  0%| F|  |TAMS 0x0000000784600000, 0x0000000784600000| Untracked 
| 401|0x0000000784800000, 0x0000000784800000, 0x0000000784a00000|  0%| F|  |TAMS 0x0000000784800000, 0x0000000784800000| Untracked 
| 402|0x0000000784a00000, 0x0000000784a00000, 0x0000000784c00000|  0%| F|  |TAMS 0x0000000784a00000, 0x0000000784a00000| Untracked 
| 403|0x0000000784c00000, 0x0000000784c00000, 0x0000000784e00000|  0%| F|  |TAMS 0x0000000784c00000, 0x0000000784c00000| Untracked 
| 404|0x0000000784e00000, 0x0000000784e00000, 0x0000000785000000|  0%| F|  |TAMS 0x0000000784e00000, 0x0000000784e00000| Untracked 
| 405|0x0000000785000000, 0x0000000785000000, 0x0000000785200000|  0%| F|  |TAMS 0x0000000785000000, 0x0000000785000000| Untracked 
| 406|0x0000000785200000, 0x0000000785200000, 0x0000000785400000|  0%| F|  |TAMS 0x0000000785200000, 0x0000000785200000| Untracked 
| 407|0x0000000785400000, 0x0000000785400000, 0x0000000785600000|  0%| F|  |TAMS 0x0000000785400000, 0x0000000785400000| Untracked 
| 408|0x0000000785600000, 0x0000000785600000, 0x0000000785800000|  0%| F|  |TAMS 0x0000000785600000, 0x0000000785600000| Untracked 
| 409|0x0000000785800000, 0x0000000785800000, 0x0000000785a00000|  0%| F|  |TAMS 0x0000000785800000, 0x0000000785800000| Untracked 
| 410|0x0000000785a00000, 0x0000000785a00000, 0x0000000785c00000|  0%| F|  |TAMS 0x0000000785a00000, 0x0000000785a00000| Untracked 

Card table byte_map: [0x000001eec7940000,0x000001eec7eb0000] _byte_map_base: 0x000001eec3ead000

Marking Bits (Prev, Next): (CMBitMap*) 0x000001eeae14dc80, (CMBitMap*) 0x000001eeae14dc40
 Prev Bits: [0x000001eecaf90000, 0x000001eecdaf8000)
 Next Bits: [0x000001eec8420000, 0x000001eecaf88000)

Polling page: 0x000001eeae1a0000

Metaspace:

Usage:
  Non-class:     34.37 MB used.
      Class:      5.32 MB used.
       Both:     39.70 MB used.

Virtual space:
  Non-class space:       64.00 MB reserved,      34.62 MB ( 54%) committed,  1 nodes.
      Class space:        1.00 GB reserved,       5.56 MB ( <1%) committed,  1 nodes.
             Both:        1.06 GB reserved,      40.19 MB (  4%) committed. 

Chunk freelists:
   Non-Class:  13.34 MB
       Class:  10.31 MB
        Both:  23.65 MB

MaxMetaspaceSize: unlimited
CompressedClassSpaceSize: 1.00 GB
Initial GC threshold: 21.00 MB
Current GC threshold: 54.94 MB
CDS: on
MetaspaceReclaimPolicy: balanced
 - commit_granule_bytes: 65536.
 - commit_granule_words: 8192.
 - virtual_space_node_default_size: 8388608.
 - enlarge_chunks_in_place: 1.
 - new_chunks_are_fully_committed: 0.
 - uncommit_free_chunks: 1.
 - use_allocation_guard: 0.
 - handle_deallocations: 1.


Internal statistics:

num_allocs_failed_limit: 3.
num_arena_births: 570.
num_arena_deaths: 0.
num_vsnodes_births: 2.
num_vsnodes_deaths: 0.
num_space_committed: 643.
num_space_uncommitted: 0.
num_chunks_returned_to_freelist: 3.
num_chunks_taken_from_freelist: 2125.
num_chunk_merges: 3.
num_chunk_splits: 1477.
num_chunks_enlarged: 1106.
num_inconsistent_stats: 0.

CodeHeap 'non-profiled nmethods': size=119168Kb used=4229Kb max_used=4849Kb free=114938Kb
 bounds [0x000001eebefb0000, 0x000001eebf490000, 0x000001eec6410000]
CodeHeap 'profiled nmethods': size=119104Kb used=12684Kb max_used=14374Kb free=106419Kb
 bounds [0x000001eeb7410000, 0x000001eeb8220000, 0x000001eebe860000]
CodeHeap 'non-nmethods': size=7488Kb used=1790Kb max_used=2992Kb free=5697Kb
 bounds [0x000001eebe860000, 0x000001eebeb60000, 0x000001eebefb0000]
 total_blobs=6132 nmethods=5601 adapters=442
 compilation: enabled
              stopped_count=0, restarted_count=0
 full_count=0

Compilation events (20 events):
Event: 7.931 Thread 0x000001ef160aeb40 6809       3       io.github.classgraph.Classfile::getFieldConstantPoolValue (254 bytes)
Event: 7.933 Thread 0x000001ef160aeb40 nmethod 6809 0x000001eeb74dfe10 code [0x000001eeb74e0280, 0x000001eeb74e1e68]
Event: 8.049 Thread 0x000001eed0b3ef20 6811       3       nonapi.io.github.classgraph.fileslice.reader.ClassfileReader::readLong (155 bytes)
Event: 8.049 Thread 0x000001ef160aeb40 6810       3       io.github.classgraph.Classfile::cpReadLong (77 bytes)
Event: 8.050 Thread 0x000001eed0b3ef20 nmethod 6811 0x000001eeb7e07b90 code [0x000001eeb7e07d40, 0x000001eeb7e08088]
Event: 8.050 Thread 0x000001ef160aeb40 nmethod 6810 0x000001eeb78d4490 code [0x000001eeb78d4720, 0x000001eeb78d5018]
Event: 8.164 Thread 0x000001eed0b6e9e0 6813       3       nonapi.io.github.classgraph.fileslice.Slice::open (30 bytes)
Event: 8.164 Thread 0x000001eed0b6e9e0 nmethod 6813 0x000001eeb76de010 code [0x000001eeb76de1e0, 0x000001eeb76de538]
Event: 8.215 Thread 0x000001eed0b3d460 nmethod 6666% 0x000001eebf46c790 code [0x000001eebf46d040, 0x000001eebf47ce90]
Event: 8.219 Thread 0x000001eed0b3d460 6808   !   4       java.util.concurrent.ConcurrentHashMap::putVal (432 bytes)
Event: 8.262 Thread 0x000001ef172dc5e0 nmethod 6694 0x000001eebf368310 code [0x000001eebf368a20, 0x000001eebf370b70]
Event: 8.262 Thread 0x000001ef172dc5e0 6814       4       io.github.classgraph.Classfile::readMethods (1551 bytes)
Event: 8.276 Thread 0x000001eed0b3d460 nmethod 6808 0x000001eebf2f8410 code [0x000001eebf2f8660, 0x000001eebf2fa660]
Event: 8.277 Thread 0x000001eed0b3d460 6695       4       io.github.classgraph.MethodInfo::handleRepeatableAnnotations (186 bytes)
Event: 8.329 Thread 0x000001eed0b6e9e0 6816   !   3       java.util.concurrent.ConcurrentHashMap::transfer (849 bytes)
Event: 8.333 Thread 0x000001eed0b6e9e0 nmethod 6816 0x000001eeb8114610 code [0x000001eeb8114a40, 0x000001eeb8117078]
Event: 8.385 Thread 0x000001eed0b6e9e0 6817       3       nonapi.io.github.classgraph.fastzipfilereader.NestedJarHandler$7::<init> (63 bytes)
Event: 8.385 Thread 0x000001eed0b6e9e0 nmethod 6817 0x000001eeb7436090 code [0x000001eeb7436280, 0x000001eeb7436a68]
Event: 8.541 Thread 0x000001eed0b6e9e0 6818       3       nonapi.io.github.classgraph.recycler.Recycler::acquire (53 bytes)
Event: 8.542 Thread 0x000001eed0b6e9e0 nmethod 6818 0x000001eeb7593810 code [0x000001eeb7593a00, 0x000001eeb7594088]

GC Heap History (20 events):
Event: 5.179 GC heap after
{Heap after GC invocations=22 (full 0):
 garbage-first heap   total 262144K, used 83959K [0x0000000752600000, 0x0000000800000000)
  region size 2048K, 8 young (16384K), 8 survivors (16384K)
 Metaspace       used 33281K, committed 33728K, reserved 1114112K
  class space    used 4084K, committed 4288K, reserved 1048576K
}
Event: 5.281 GC heap before
{Heap before GC invocations=22 (full 0):
 garbage-first heap   total 262144K, used 204791K [0x0000000752600000, 0x0000000800000000)
  region size 2048K, 68 young (139264K), 8 survivors (16384K)
 Metaspace       used 33281K, committed 33728K, reserved 1114112K
  class space    used 4084K, committed 4288K, reserved 1048576K
}
Event: 5.295 GC heap after
{Heap after GC invocations=23 (full 0):
 garbage-first heap   total 524288K, used 91729K [0x0000000752600000, 0x0000000800000000)
  region size 2048K, 9 young (18432K), 9 survivors (18432K)
 Metaspace       used 33281K, committed 33728K, reserved 1114112K
  class space    used 4084K, committed 4288K, reserved 1048576K
}
Event: 5.670 GC heap before
{Heap before GC invocations=23 (full 0):
 garbage-first heap   total 524288K, used 386641K [0x0000000752600000, 0x0000000800000000)
  region size 2048K, 153 young (313344K), 9 survivors (18432K)
 Metaspace       used 33282K, committed 33728K, reserved 1114112K
  class space    used 4084K, committed 4288K, reserved 1048576K
}
Event: 5.685 GC heap after
{Heap after GC invocations=24 (full 0):
 garbage-first heap   total 524288K, used 114806K [0x0000000752600000, 0x0000000800000000)
  region size 2048K, 19 young (38912K), 19 survivors (38912K)
 Metaspace       used 33282K, committed 33728K, reserved 1114112K
  class space    used 4084K, committed 4288K, reserved 1048576K
}
Event: 6.497 GC heap before
{Heap before GC invocations=24 (full 0):
 garbage-first heap   total 524288K, used 387190K [0x0000000752600000, 0x0000000800000000)
  region size 2048K, 153 young (313344K), 19 survivors (38912K)
 Metaspace       used 39504K, committed 39936K, reserved 1114112K
  class space    used 5233K, committed 5440K, reserved 1048576K
}
Event: 6.517 GC heap after
{Heap after GC invocations=25 (full 0):
 garbage-first heap   total 524288K, used 123414K [0x0000000752600000, 0x0000000800000000)
  region size 2048K, 13 young (26624K), 13 survivors (26624K)
 Metaspace       used 39504K, committed 39936K, reserved 1114112K
  class space    used 5233K, committed 5440K, reserved 1048576K
}
Event: 6.844 GC heap before
{Heap before GC invocations=25 (full 0):
 garbage-first heap   total 524288K, used 393750K [0x0000000752600000, 0x0000000800000000)
  region size 2048K, 146 young (299008K), 13 survivors (26624K)
 Metaspace       used 40391K, committed 40832K, reserved 1114112K
  class space    used 5416K, committed 5632K, reserved 1048576K
}
Event: 6.869 GC heap after
{Heap after GC invocations=26 (full 0):
 garbage-first heap   total 524288K, used 153853K [0x0000000752600000, 0x0000000800000000)
  region size 2048K, 16 young (32768K), 16 survivors (32768K)
 Metaspace       used 40391K, committed 40832K, reserved 1114112K
  class space    used 5416K, committed 5632K, reserved 1048576K
}
Event: 7.019 GC heap before
{Heap before GC invocations=26 (full 0):
 garbage-first heap   total 524288K, used 397565K [0x0000000752600000, 0x0000000800000000)
  region size 2048K, 137 young (280576K), 16 survivors (32768K)
 Metaspace       used 40391K, committed 40832K, reserved 1114112K
  class space    used 5416K, committed 5632K, reserved 1048576K
}
Event: 7.034 GC heap after
{Heap after GC invocations=27 (full 0):
 garbage-first heap   total 524288K, used 169837K [0x0000000752600000, 0x0000000800000000)
  region size 2048K, 9 young (18432K), 9 survivors (18432K)
 Metaspace       used 40391K, committed 40832K, reserved 1114112K
  class space    used 5416K, committed 5632K, reserved 1048576K
}
Event: 7.178 GC heap before
{Heap before GC invocations=27 (full 0):
 garbage-first heap   total 524288K, used 409453K [0x0000000752600000, 0x0000000800000000)
  region size 2048K, 128 young (262144K), 9 survivors (18432K)
 Metaspace       used 40391K, committed 40832K, reserved 1114112K
  class space    used 5416K, committed 5632K, reserved 1048576K
}
Event: 7.191 GC heap after
{Heap after GC invocations=28 (full 0):
 garbage-first heap   total 841728K, used 183383K [0x0000000752600000, 0x0000000800000000)
  region size 2048K, 15 young (30720K), 15 survivors (30720K)
 Metaspace       used 40391K, committed 40832K, reserved 1114112K
  class space    used 5416K, committed 5632K, reserved 1048576K
}
Event: 7.544 GC heap before
{Heap before GC invocations=28 (full 0):
 garbage-first heap   total 841728K, used 656471K [0x0000000752600000, 0x0000000800000000)
  region size 2048K, 246 young (503808K), 15 survivors (30720K)
 Metaspace       used 40391K, committed 40832K, reserved 1114112K
  class space    used 5416K, committed 5632K, reserved 1048576K
}
Event: 7.581 GC heap after
{Heap after GC invocations=29 (full 0):
 garbage-first heap   total 841728K, used 216852K [0x0000000752600000, 0x0000000800000000)
  region size 2048K, 31 young (63488K), 31 survivors (63488K)
 Metaspace       used 40391K, committed 40832K, reserved 1114112K
  class space    used 5416K, committed 5632K, reserved 1048576K
}
Event: 8.095 GC heap before
{Heap before GC invocations=29 (full 0):
 garbage-first heap   total 841728K, used 644884K [0x0000000752600000, 0x0000000800000000)
  region size 2048K, 241 young (493568K), 31 survivors (63488K)
 Metaspace       used 40632K, committed 41088K, reserved 1114112K
  class space    used 5450K, committed 5696K, reserved 1048576K
}
Event: 8.141 GC heap after
{Heap after GC invocations=30 (full 0):
 garbage-first heap   total 841728K, used 249667K [0x0000000752600000, 0x0000000800000000)
  region size 2048K, 30 young (61440K), 30 survivors (61440K)
 Metaspace       used 40632K, committed 41088K, reserved 1114112K
  class space    used 5450K, committed 5696K, reserved 1048576K
}
Event: 8.395 GC heap before
{Heap before GC invocations=30 (full 0):
 garbage-first heap   total 841728K, used 638787K [0x0000000752600000, 0x0000000800000000)
  region size 2048K, 220 young (450560K), 30 survivors (61440K)
 Metaspace       used 40649K, committed 41152K, reserved 1114112K
  class space    used 5451K, committed 5696K, reserved 1048576K
}
Event: 8.441 GC heap after
{Heap after GC invocations=31 (full 0):
 garbage-first heap   total 841728K, used 286321K [0x0000000752600000, 0x0000000800000000)
  region size 2048K, 19 young (38912K), 19 survivors (38912K)
 Metaspace       used 40649K, committed 41152K, reserved 1114112K
  class space    used 5451K, committed 5696K, reserved 1048576K
}
Event: 8.638 GC heap before
{Heap before GC invocations=31 (full 0):
 garbage-first heap   total 841728K, used 648817K [0x0000000752600000, 0x0000000800000000)
  region size 2048K, 197 young (403456K), 19 survivors (38912K)
 Metaspace       used 40649K, committed 41152K, reserved 1114112K
  class space    used 5451K, committed 5696K, reserved 1048576K
}

Dll operation events (7 events):
Event: 0.005 Loaded shared library D:\Programas\JAVA\jdk\bin\java.dll
Event: 0.018 Loaded shared library D:\Programas\JAVA\jdk\bin\jsvml.dll
Event: 0.086 Loaded shared library D:\Programas\JAVA\jdk\bin\net.dll
Event: 0.087 Loaded shared library D:\Programas\JAVA\jdk\bin\nio.dll
Event: 0.090 Loaded shared library D:\Programas\JAVA\jdk\bin\zip.dll
Event: 0.189 Loaded shared library D:\Programas\JAVA\jdk\bin\jimage.dll
Event: 1.207 Loaded shared library D:\Programas\JAVA\jdk\bin\sunmscapi.dll

Deoptimization events (20 events):
Event: 8.541 Thread 0x000001ef1a207ea0 Uncommon trap: trap_request=0xffffff45 fr.pc=0x000001eebf35bde0 relative=0x00000000000005a0
Event: 8.541 Thread 0x000001ef1a207ea0 Uncommon trap: reason=unstable_if action=reinterpret pc=0x000001eebf35bde0 method=java.util.concurrent.ConcurrentLinkedQueue.poll()Ljava/lang/Object; @ 73 c2
Event: 8.541 Thread 0x000001ef1a207ea0 DEOPT PACKING pc=0x000001eebf35bde0 sp=0x0000001422ffeb50
Event: 8.541 Thread 0x000001ef1a207ea0 DEOPT UNPACKING pc=0x000001eebe8b69a3 sp=0x0000001422ffea88 mode 2
Event: 8.545 Thread 0x000001ef1bbdc7f0 DEOPT PACKING pc=0x000001eeb820f584 sp=0x0000001422dfedd0
Event: 8.545 Thread 0x000001ef1bbdc7f0 DEOPT UNPACKING pc=0x000001eebe8b7143 sp=0x0000001422dfe578 mode 0
Event: 8.561 Thread 0x000001ef1bbdc2e0 DEOPT PACKING pc=0x000001eeb820f584 sp=0x00000014229fe850
Event: 8.561 Thread 0x000001ef1bbdc2e0 DEOPT UNPACKING pc=0x000001eebe8b7143 sp=0x00000014229fdff8 mode 0
Event: 8.579 Thread 0x000001ef1cd84810 DEOPT PACKING pc=0x000001eeb820f584 sp=0x00000014231feb00
Event: 8.579 Thread 0x000001ef1cd84810 DEOPT UNPACKING pc=0x000001eebe8b7143 sp=0x00000014231fe2a8 mode 0
Event: 8.592 Thread 0x000001ef1bbdf070 DEOPT PACKING pc=0x000001eeb820f584 sp=0x00000014226fec50
Event: 8.592 Thread 0x000001ef1bbdf070 DEOPT UNPACKING pc=0x000001eebe8b7143 sp=0x00000014226fe3f8 mode 0
Event: 8.603 Thread 0x000001ef1bbde650 DEOPT PACKING pc=0x000001eeb820f584 sp=0x00000014228feae0
Event: 8.603 Thread 0x000001ef1bbde650 DEOPT UNPACKING pc=0x000001eebe8b7143 sp=0x00000014228fe288 mode 0
Event: 8.605 Thread 0x000001ef1a209d00 DEOPT PACKING pc=0x000001eeb820f584 sp=0x00000014230fee30
Event: 8.605 Thread 0x000001ef1a209d00 DEOPT UNPACKING pc=0x000001eebe8b7143 sp=0x00000014230fe5d8 mode 0
Event: 8.613 Thread 0x000001ef1bbdcd00 DEOPT PACKING pc=0x000001eeb820f584 sp=0x0000001422efecc0
Event: 8.613 Thread 0x000001ef1bbdcd00 DEOPT UNPACKING pc=0x000001eebe8b7143 sp=0x0000001422efe468 mode 0
Event: 8.623 Thread 0x000001ef17d6c3d0 DEOPT PACKING pc=0x000001eeb820f584 sp=0x0000001421bfe6f0
Event: 8.623 Thread 0x000001ef17d6c3d0 DEOPT UNPACKING pc=0x000001eebe8b7143 sp=0x0000001421bfde98 mode 0

Classes loaded (20 events):
Event: 4.208 Loading class java/util/zip/DataFormatException
Event: 4.208 Loading class java/util/zip/DataFormatException done
Event: 4.352 Loading class java/util/concurrent/locks/AbstractQueuedSynchronizer$ConditionNode
Event: 4.352 Loading class java/util/concurrent/locks/AbstractQueuedSynchronizer$Node
Event: 4.352 Loading class java/util/concurrent/locks/AbstractQueuedSynchronizer$Node done
Event: 4.352 Loading class java/util/concurrent/locks/AbstractQueuedSynchronizer$ConditionNode done
Event: 4.400 Loading class java/util/concurrent/locks/AbstractQueuedSynchronizer$ExclusiveNode
Event: 4.400 Loading class java/util/concurrent/locks/AbstractQueuedSynchronizer$ExclusiveNode done
Event: 4.682 Loading class jdk/internal/misc/ScopedMemoryAccess$Scope$Handle
Event: 4.682 Loading class jdk/internal/misc/ScopedMemoryAccess$Scope$Handle done
Event: 6.563 Loading class java/util/concurrent/TimeUnit$1
Event: 6.563 Loading class java/util/concurrent/TimeUnit$1 done
Event: 6.565 Loading class jdk/internal/math/FDBigInteger
Event: 6.565 Loading class jdk/internal/math/FDBigInteger done
Event: 6.571 Loading class java/util/stream/SortedOps$SizedRefSortingSink
Event: 6.571 Loading class java/util/stream/SortedOps$SizedRefSortingSink done
Event: 8.322 Loading class java/util/concurrent/ConcurrentHashMap$TreeNode
Event: 8.323 Loading class java/util/concurrent/ConcurrentHashMap$TreeNode done
Event: 8.323 Loading class java/util/concurrent/ConcurrentHashMap$TreeBin
Event: 8.324 Loading class java/util/concurrent/ConcurrentHashMap$TreeBin done

Classes unloaded (0 events):
No events

Classes redefined (0 events):
No events

Internal exceptions (20 events):
Event: 6.560 Thread 0x000001eeae0f9470 Exception <a 'java/lang/ClassNotFoundException'{0x00000007722946a0}: org/omnifaces/cdi/push/SocketChannelManager$ViewScope> (0x00000007722946a0) 
thrown [s\src\hotspot\share\classfile\systemDictionary.cpp, line 256]
Event: 6.571 Thread 0x000001eeae0f9470 Implicit null exception at 0x000001eebf1949ec to 0x000001eebf194a94
Event: 6.573 Thread 0x000001eeae0f9470 Exception <a 'sun/nio/fs/WindowsException'{0x000000077230c018}> (0x000000077230c018) 
thrown [s\src\hotspot\share\prims\jni.cpp, line 516]
Event: 6.573 Thread 0x000001eeae0f9470 Exception <a 'sun/nio/fs/WindowsException'{0x000000077230c528}> (0x000000077230c528) 
thrown [s\src\hotspot\share\prims\jni.cpp, line 516]
Event: 6.574 Thread 0x000001eeae0f9470 Exception <a 'sun/nio/fs/WindowsException'{0x0000000772347170}> (0x0000000772347170) 
thrown [s\src\hotspot\share\prims\jni.cpp, line 516]
Event: 6.574 Thread 0x000001eeae0f9470 Exception <a 'sun/nio/fs/WindowsException'{0x0000000772347650}> (0x0000000772347650) 
thrown [s\src\hotspot\share\prims\jni.cpp, line 516]
Event: 6.574 Thread 0x000001eeae0f9470 Exception <a 'sun/nio/fs/WindowsException'{0x0000000772347a10}> (0x0000000772347a10) 
thrown [s\src\hotspot\share\prims\jni.cpp, line 516]
Event: 6.574 Thread 0x000001eeae0f9470 Exception <a 'sun/nio/fs/WindowsException'{0x00000007723481b0}> (0x00000007723481b0) 
thrown [s\src\hotspot\share\prims\jni.cpp, line 516]
Event: 6.574 Thread 0x000001eeae0f9470 Exception <a 'sun/nio/fs/WindowsException'{0x0000000772348538}> (0x0000000772348538) 
thrown [s\src\hotspot\share\prims\jni.cpp, line 516]
Event: 6.574 Thread 0x000001eeae0f9470 Exception <a 'sun/nio/fs/WindowsException'{0x0000000772348cc0}> (0x0000000772348cc0) 
thrown [s\src\hotspot\share\prims\jni.cpp, line 516]
Event: 6.590 Thread 0x000001ef1c59c480 Implicit null exception at 0x000001eebf32207b to 0x000001eebf322d8c
Event: 6.591 Thread 0x000001ef1c59bf70 Implicit null exception at 0x000001eebf2f8751 to 0x000001eebf2fa0e4
Event: 6.591 Thread 0x000001ef1c59a620 Implicit null exception at 0x000001eebf2bcd3c to 0x000001eebf2bced8
Event: 6.689 Thread 0x000001ef1c59b040 Implicit null exception at 0x000001eebf33d9f5 to 0x000001eebf33db74
Event: 6.689 Thread 0x000001ef1c59ddd0 Implicit null exception at 0x000001eebf33d9f5 to 0x000001eebf33db74
Event: 6.689 Thread 0x000001ef1c5987c0 Implicit null exception at 0x000001eebf33d9f5 to 0x000001eebf33db74
Event: 6.689 Thread 0x000001ef1c596e70 Implicit null exception at 0x000001eebf33d9f5 to 0x000001eebf33db74
Event: 6.689 Thread 0x000001ef1c59ab30 Implicit null exception at 0x000001eebf33d9f5 to 0x000001eebf33db74
Event: 6.689 Thread 0x000001ef1c5982b0 Implicit null exception at 0x000001eebf33d9f5 to 0x000001eebf33db74
Event: 6.689 Thread 0x000001ef1c59d8c0 Implicit null exception at 0x000001eebf33d9f5 to 0x000001eebf33db74

VM Operations (20 events):
Event: 7.191 Executing VM operation: G1CollectForAllocation done
Event: 7.543 Executing VM operation: G1CollectForAllocation
Event: 7.543 Executing VM operation: G1CollectForAllocation done
Event: 7.543 Executing VM operation: G1CollectForAllocation
Event: 7.581 Executing VM operation: G1CollectForAllocation done
Event: 7.642 Executing VM operation: HandshakeAllThreads
Event: 7.642 Executing VM operation: HandshakeAllThreads done
Event: 7.738 Executing VM operation: HandshakeAllThreads
Event: 7.738 Executing VM operation: HandshakeAllThreads done
Event: 7.790 Executing VM operation: HandshakeAllThreads
Event: 7.790 Executing VM operation: HandshakeAllThreads done
Event: 8.094 Executing VM operation: G1CollectForAllocation
Event: 8.094 Executing VM operation: G1CollectForAllocation done
Event: 8.094 Executing VM operation: G1CollectForAllocation
Event: 8.141 Executing VM operation: G1CollectForAllocation done
Event: 8.395 Executing VM operation: G1CollectForAllocation
Event: 8.395 Executing VM operation: G1CollectForAllocation done
Event: 8.395 Executing VM operation: G1CollectForAllocation
Event: 8.441 Executing VM operation: G1CollectForAllocation done
Event: 8.638 Executing VM operation: G1CollectForAllocation

Memory protections (0 events):
No events

Nmethod flushes (20 events):
Event: 7.800 Thread 0x000001eed0b41930 flushing  nmethod 0x000001eeb8111210
Event: 7.800 Thread 0x000001eed0b41930 flushing  nmethod 0x000001eeb8112b10
Event: 7.800 Thread 0x000001eed0b41930 flushing  nmethod 0x000001eeb8114610
Event: 7.800 Thread 0x000001eed0b41930 flushing  nmethod 0x000001eeb8116590
Event: 7.800 Thread 0x000001eed0b41930 flushing  nmethod 0x000001eeb8116c90
Event: 7.800 Thread 0x000001eed0b41930 flushing  nmethod 0x000001eeb8117290
Event: 7.800 Thread 0x000001eed0b41930 flushing  nmethod 0x000001eeb8128710
Event: 7.800 Thread 0x000001eed0b41930 flushing  nmethod 0x000001eeb8130010
Event: 7.800 Thread 0x000001eed0b41930 flushing  nmethod 0x000001eeb8144890
Event: 7.800 Thread 0x000001eed0b41930 flushing  nmethod 0x000001eeb8165990
Event: 7.800 Thread 0x000001eed0b41930 flushing  nmethod 0x000001eeb8170890
Event: 7.800 Thread 0x000001eed0b41930 flushing  nmethod 0x000001eeb8173890
Event: 7.800 Thread 0x000001eed0b41930 flushing  nmethod 0x000001eeb8176890
Event: 7.800 Thread 0x000001eed0b41930 flushing  nmethod 0x000001eeb8177810
Event: 7.800 Thread 0x000001eed0b41930 flushing  nmethod 0x000001eeb8179a90
Event: 7.800 Thread 0x000001eed0b41930 flushing  nmethod 0x000001eeb817d510
Event: 7.800 Thread 0x000001eed0b41930 flushing  nmethod 0x000001eeb817f910
Event: 7.800 Thread 0x000001eed0b41930 flushing  nmethod 0x000001eeb8180890
Event: 7.800 Thread 0x000001eed0b41930 flushing  nmethod 0x000001eeb8189790
Event: 7.800 Thread 0x000001eed0b41930 flushing  nmethod 0x000001eeb81e1c90

Events (20 events):
Event: 7.833 Thread 0x000001ef1be4ad20 Thread added: 0x000001ef17d6d300
Event: 7.834 Thread 0x000001ef1be4ad20 Thread added: 0x000001ef17d6cdf0
Event: 7.834 Thread 0x000001ef1be4ad20 Thread added: 0x000001ef1bbdf580
Event: 7.834 Thread 0x000001ef1be4ad20 Thread added: 0x000001ef1bbdbdd0
Event: 7.834 Thread 0x000001ef1be4ad20 Thread added: 0x000001ef1bbdd720
Event: 7.834 Thread 0x000001ef1be4ad20 Thread added: 0x000001ef1bbdf070
Event: 7.834 Thread 0x000001ef1be4ad20 Thread added: 0x000001ef1bbde140
Event: 7.834 Thread 0x000001ef1be4ad20 Thread added: 0x000001ef1bbde650
Event: 7.834 Thread 0x000001ef1be4ad20 Thread added: 0x000001ef1bbdc2e0
Event: 7.834 Thread 0x000001ef1be4ad20 Thread added: 0x000001ef1bbddc30
Event: 7.834 Thread 0x000001ef1be4ad20 Thread added: 0x000001ef1bbdd210
Event: 7.834 Thread 0x000001ef1be4ad20 Thread added: 0x000001ef1bbdeb60
Event: 7.835 Thread 0x000001ef1be4ad20 Thread added: 0x000001ef1bbdc7f0
Event: 7.835 Thread 0x000001ef1be4ad20 Thread added: 0x000001ef1bbdcd00
Event: 7.835 Thread 0x000001ef1be4ad20 Thread added: 0x000001ef1a207ea0
Event: 7.835 Thread 0x000001ef1be4ad20 Thread added: 0x000001ef1a209d00
Event: 7.835 Thread 0x000001ef1be4ad20 Thread added: 0x000001ef1cd84810
Event: 7.835 Thread 0x000001ef1be4ad20 Thread added: 0x000001ef1cd84300
Event: 7.835 Thread 0x000001ef1be4ad20 Thread added: 0x000001ef1cd83df0
Event: 8.560 Thread 0x000001ef160aeb40 Thread exited: 0x000001ef160aeb40


Dynamic libraries:
0x00007ff77f000000 - 0x00007ff77f00e000 	D:\Programas\JAVA\jdk\bin\java.exe
0x00007ff905a10000 - 0x00007ff905c27000 	C:\Windows\SYSTEM32\ntdll.dll
0x00007ff903ad0000 - 0x00007ff903b94000 	C:\Windows\System32\KERNEL32.DLL
0x00007ff902d60000 - 0x00007ff903130000 	C:\Windows\System32\KERNELBASE.dll
0x00007ff903530000 - 0x00007ff903641000 	C:\Windows\System32\ucrtbase.dll
0x00007ff8fdc80000 - 0x00007ff8fdc97000 	D:\Programas\JAVA\jdk\bin\jli.dll
0x00007ff8fdc60000 - 0x00007ff8fdc7b000 	D:\Programas\JAVA\jdk\bin\VCRUNTIME140.dll
0x00007ff905220000 - 0x00007ff9053ce000 	C:\Windows\System32\USER32.dll
0x00007ff903650000 - 0x00007ff903676000 	C:\Windows\System32\win32u.dll
0x00007ff8e3d70000 - 0x00007ff8e4002000 	C:\Windows\WinSxS\amd64_microsoft.windows.common-controls_6595b64144ccf1df_6.0.22621.4830_none_270fe7d773858e80\COMCTL32.dll
0x00007ff905030000 - 0x00007ff905059000 	C:\Windows\System32\GDI32.dll
0x00007ff904620000 - 0x00007ff9046c7000 	C:\Windows\System32\msvcrt.dll
0x00007ff9031b0000 - 0x00007ff9032cb000 	C:\Windows\System32\gdi32full.dll
0x00007ff902cc0000 - 0x00007ff902d5a000 	C:\Windows\System32\msvcp_win.dll
0x00007ff903ed0000 - 0x00007ff903f01000 	C:\Windows\System32\IMM32.DLL
0x00007ff8fdc50000 - 0x00007ff8fdc5c000 	D:\Programas\JAVA\jdk\bin\vcruntime140_1.dll
0x00007ff8eaa10000 - 0x00007ff8eaa9d000 	D:\Programas\JAVA\jdk\bin\msvcp140.dll
0x00007ff8c7120000 - 0x00007ff8c7d8c000 	D:\Programas\JAVA\jdk\bin\server\jvm.dll
0x00007ff9053d0000 - 0x00007ff905481000 	C:\Windows\System32\ADVAPI32.dll
0x00007ff9043e0000 - 0x00007ff904487000 	C:\Windows\System32\sechost.dll
0x00007ff903390000 - 0x00007ff9033b8000 	C:\Windows\System32\bcrypt.dll
0x00007ff903780000 - 0x00007ff903894000 	C:\Windows\System32\RPCRT4.dll
0x00007ff903d90000 - 0x00007ff903e01000 	C:\Windows\System32\WS2_32.dll
0x00007ff902b90000 - 0x00007ff902bdd000 	C:\Windows\SYSTEM32\POWRPROF.dll
0x00007ff8fd9b0000 - 0x00007ff8fd9e4000 	C:\Windows\SYSTEM32\WINMM.dll
0x00007ff8f94c0000 - 0x00007ff8f94ca000 	C:\Windows\SYSTEM32\VERSION.dll
0x00007ff902b70000 - 0x00007ff902b83000 	C:\Windows\SYSTEM32\UMPDC.dll
0x00007ff901cc0000 - 0x00007ff901cd8000 	C:\Windows\SYSTEM32\kernel.appcore.dll
0x00007ff8fdc40000 - 0x00007ff8fdc4a000 	D:\Programas\JAVA\jdk\bin\jimage.dll
0x00007ff8fa8a0000 - 0x00007ff8faad2000 	C:\Windows\SYSTEM32\DBGHELP.DLL
0x00007ff905640000 - 0x00007ff9059d0000 	C:\Windows\System32\combase.dll
0x00007ff903cb0000 - 0x00007ff903d87000 	C:\Windows\System32\OLEAUT32.dll
0x00007ff8ed9d0000 - 0x00007ff8eda02000 	C:\Windows\SYSTEM32\dbgcore.DLL
0x00007ff903680000 - 0x00007ff9036fb000 	C:\Windows\System32\bcryptPrimitives.dll
0x00007ff8f2070000 - 0x00007ff8f2095000 	D:\Programas\JAVA\jdk\bin\java.dll
0x00007ff8e6c90000 - 0x00007ff8e6d67000 	D:\Programas\JAVA\jdk\bin\jsvml.dll
0x00007ff9047b0000 - 0x00007ff905028000 	C:\Windows\System32\SHELL32.dll
0x00007ff900bc0000 - 0x00007ff9014d0000 	C:\Windows\SYSTEM32\windows.storage.dll
0x00007ff900a80000 - 0x00007ff900bbf000 	C:\Windows\SYSTEM32\wintypes.dll
0x00007ff903ba0000 - 0x00007ff903caa000 	C:\Windows\System32\SHCORE.dll
0x00007ff903700000 - 0x00007ff90375e000 	C:\Windows\System32\shlwapi.dll
0x00007ff902bf0000 - 0x00007ff902c1b000 	C:\Windows\SYSTEM32\profapi.dll
0x00007ff8ed4e0000 - 0x00007ff8ed4f9000 	D:\Programas\JAVA\jdk\bin\net.dll
0x00007ff8fd880000 - 0x00007ff8fd9ac000 	C:\Windows\SYSTEM32\WINHTTP.dll
0x00007ff902130000 - 0x00007ff90219a000 	C:\Windows\system32\mswsock.dll
0x00007ff8ed4c0000 - 0x00007ff8ed4d6000 	D:\Programas\JAVA\jdk\bin\nio.dll
0x00007ff8ea990000 - 0x00007ff8ea9a8000 	D:\Programas\JAVA\jdk\bin\zip.dll
0x00007ff8fa090000 - 0x00007ff8fa09e000 	D:\Programas\JAVA\jdk\bin\sunmscapi.dll
0x00007ff9033c0000 - 0x00007ff903526000 	C:\Windows\System32\CRYPT32.dll
0x00007ff902570000 - 0x00007ff90259d000 	C:\Windows\SYSTEM32\ncrypt.dll
0x00007ff902530000 - 0x00007ff902567000 	C:\Windows\SYSTEM32\NTASN1.dll

dbghelp: loaded successfully - version: 4.0.5 - missing functions: none
symbol engine: initialized successfully - sym options: 0x614 - pdb path: .;D:\Programas\JAVA\jdk\bin;C:\Windows\SYSTEM32;C:\Windows\WinSxS\amd64_microsoft.windows.common-controls_6595b64144ccf1df_6.0.22621.4830_none_270fe7d773858e80;D:\Programas\JAVA\jdk\bin\server

VM Arguments:
java_command: org.springframework.boot.SpringApplicationAotProcessor org.joinfaces.example.JoinFacesExampleApplication D:\Projetos\EstudoIndentar\Testes Spring boot\websocket-spring-jsf\target\spring-aot\main\sources D:\Projetos\EstudoIndentar\Testes Spring boot\websocket-spring-jsf\target\spring-aot\main\resources D:\Projetos\EstudoIndentar\Testes Spring boot\websocket-spring-jsf\target\spring-aot\main\classes org.joinfaces joinfaces-example
java_class_path (initial): D:\Projetos\EstudoIndentar\Testes Spring boot\websocket-spring-jsf\target\classes;D:\Projetos\EstudoIndentar\Testes Spring boot\websocket-spring-jsf\target\spring-aot\main\classes;C:\Users\pcmix\.m2\repository\jakarta\validation\jakarta.validation-api\3.0.2\jakarta.validation-api-3.0.2.jar;C:\Users\pcmix\.m2\repository\ch\qos\logback\logback-classic\1.5.16\logback-classic-1.5.16.jar;C:\Users\pcmix\.m2\repository\ch\qos\logback\logback-core\1.5.16\logback-core-1.5.16.jar;C:\Users\pcmix\.m2\repository\org\apache\logging\log4j\log4j-to-slf4j\2.24.3\log4j-to-slf4j-2.24.3.jar;C:\Users\pcmix\.m2\repository\org\apache\logging\log4j\log4j-api\2.24.3\log4j-api-2.24.3.jar;C:\Users\pcmix\.m2\repository\org\slf4j\jul-to-slf4j\2.0.16\jul-to-slf4j-2.0.16.jar;C:\Users\pcmix\.m2\repository\jakarta\annotation\jakarta.annotation-api\2.1.1\jakarta.annotation-api-2.1.1.jar;C:\Users\pcmix\.m2\repository\org\yaml\snakeyaml\2.3\snakeyaml-2.3.jar;C:\Users\pcmix\.m2\repository\org\springframework\spring-core\6.2.2\spring-core-6.2.2.jar;C:\Users\pcmix\.m2\repository\org\springframework\spring-jcl\6.2.2\spring-jcl-6.2.2.jar;C:\Users\pcmix\.m2\repository\org\springframework\boot\spring-boot-actuator-autoconfigure\3.5.0-M1\spring-boot-actuator-autoconfigure-3.5.0-M1.jar;C:\Users\pcmix\.m2\repository\org\springframework\boot\spring-boot-actuator\3.5.0-M1\spring-boot-actuator-3.5.0-M1.jar;C:\Users\pcmix\.m2\repository\com\fasterxml\jackson\core\jackson-databind\2.18.2\jackson-databind-2.18.2.jar;C:\Users\pcmix\.m2\repository\com\fasterxml\jackson\core\jackson-annotations\2.18.2\jackson-annotations-2.18.2.jar;C:\Users\pcmix\.m2\repository\com\fasterxml\jackson\core\jackson-core\2.18.2\jackson-core-2.18.2.jar;C:\Users\pcmix\.m2\repository\com\fasterxml\jackson\datatype\jackson-datatype-jsr310\2.18.2\jackson-datatype-jsr310-2.18.2.jar;C:\Users\pcmix\.m2\repository\io\micrometer\micrometer-observation\1.15.0-M1\micrometer-observation-1.15.0-M1.jar;C:\Users\pcmix\.m2\repos
Launcher Type: SUN_STANDARD

[Global flags]
     intx CICompilerCount                          = 12                                        {product} {ergonomic}
     uint ConcGCThreads                            = 3                                         {product} {ergonomic}
     uint G1ConcRefinementThreads                  = 13                                        {product} {ergonomic}
   size_t G1HeapRegionSize                         = 2097152                                   {product} {ergonomic}
    uintx GCDrainStackTargetSize                   = 64                                        {product} {ergonomic}
   size_t InitialHeapSize                          = 182452224                                 {product} {ergonomic}
   size_t MarkStackSize                            = 4194304                                   {product} {ergonomic}
   size_t MaxHeapSize                              = 2912944128                                {product} {ergonomic}
   size_t MaxNewSize                               = 1746927616                                {product} {ergonomic}
   size_t MinHeapDeltaBytes                        = 2097152                                   {product} {ergonomic}
   size_t MinHeapSize                              = 8388608                                   {product} {ergonomic}
    uintx NonNMethodCodeHeapSize                   = 7602480                                {pd product} {ergonomic}
    uintx NonProfiledCodeHeapSize                  = 122027880                              {pd product} {ergonomic}
    uintx ProfiledCodeHeapSize                     = 122027880                              {pd product} {ergonomic}
    uintx ReservedCodeCacheSize                    = 251658240                              {pd product} {ergonomic}
     bool SegmentedCodeCache                       = true                                      {product} {ergonomic}
   size_t SoftMaxHeapSize                          = 2912944128                             {manageable} {ergonomic}
     bool UseCompressedClassPointers               = true                           {product lp64_product} {ergonomic}
     bool UseCompressedOops                        = true                           {product lp64_product} {ergonomic}
     bool UseG1GC                                  = true                                      {product} {ergonomic}
     bool UseLargePagesIndividualAllocation        = false                                  {pd product} {ergonomic}

Logging:
Log output configuration:
 #0: stdout all=warning uptime,level,tags
 #1: stderr all=off uptime,level,tags

Environment Variables:
JAVA_HOME=D:\Programas\JAVA\jdk
PATH=C:\Windows\system32;C:\Windows;C:\Windows\System32\Wbem;C:\Windows\System32\WindowsPowerShell\v1.0\;C:\Windows\System32\OpenSSH\;C:\Program Files\dotnet\;C:\Program Files\Java\jdk1.8.0_291\bin;C:\Program Files (x86)\Oberthur Technologies\AWP\Dlls;C:\Program Files\Oberthur Technologies\AWP\Dlls;C:\Program Files\Git\cmd;D:\Programas\putty\;D:\Programas\MAVEN\apache-maven-3.9.9\bin;D:\Programas\ANT\apache-ant-1.9.16\bin;C:\Program Files\CheckSefaz;C:\Users\pcmix\AppData\Local\Microsoft\WindowsApps;C:\Users\pcmix\AppData\Local\GitHubDesktop\bin;d:\Programas\Intellij\bin;;C:\Program Files\JetBrains\IntelliJ IDEA Community Edition 2024.3.2.2\bin;;D:\Programas\JAVA\jdk\bin;C:\Program Files\CheckSefaz;
USERNAME=pcmix
OS=Windows_NT
PROCESSOR_IDENTIFIER=AMD64 Family 23 Model 104 Stepping 1, AuthenticAMD
TMP=C:\Users\pcmix\AppData\Local\Temp
TEMP=C:\Users\pcmix\AppData\Local\Temp



Periodic native trim disabled


---------------  S Y S T E M  ---------------

OS:
 Windows 11 , 64 bit Build 22621 (10.0.22621.4830)
OS uptime: 1 days 3:34 hours
Hyper-V role detected

CPU: total 16 (initial active 16) (16 cores per cpu, 2 threads per core) family 23 model 104 stepping 1 microcode 0x0, cx8, cmov, fxsr, ht, mmx, 3dnowpref, sse, sse2, sse3, ssse3, sse4a, sse4.1, sse4.2, popcnt, lzcnt, tsc, tscinvbit, avx, avx2, aes, clmul, bmi1, bmi2, adx, sha, fma, vzeroupper, clflush, clflushopt, hv
Processor Information for all 16 processors :
  Max Mhz: 1801, Current Mhz: 1801, Mhz Limit: 1801

Memory: 4k page, system-wide physical 11109M (503M free)
TotalPageFile size 19071M (AvailPageFile size 154M)
current process WorkingSet (physical memory assigned to process): 863M, peak: 951M
current process commit charge ("private bytes"): 1110M, peak: 1405M

vm_info: OpenJDK 64-Bit Server VM (17.0.13+11-LTS) for windows-amd64 JRE (17.0.13+11-LTS), built on Oct 10 2024 19:51:30 by "Administrator" with MS VC++ 16.10 / 16.11 (VS2019)

END.
