#
# There is insufficient memory for the Java Runtime Environment to continue.
# Native memory allocation (mmap) failed to map 754974720 bytes. Error detail: G1 virtual space
# Possible reasons:
#   The system is out of physical RAM or swap space
#   This process is running with CompressedOops enabled, and the Java Heap may be blocking the growth of the native heap
# Possible solutions:
#   Reduce memory load on the system
#   Increase physical memory or swap space
#   Check if swap backing store is full
#   Decrease Java heap size (-Xmx/-Xms)
#   Decrease number of Java threads
#   Decrease Java thread stack sizes (-Xss)
#   Set larger code cache with -XX:ReservedCodeCacheSize=
#   JVM is running with Zero Based Compressed Oops mode in which the Java heap is
#     placed in the first 32GB address space. The Java Heap base address is the
#     maximum limit for the native heap growth. Please use -XX:HeapBaseMinAddress
#     to set the Java Heap base and to place the Java Heap above 32GB virtual address.
# This output file may be truncated or incomplete.
#
#  Out of Memory Error (os_windows.cpp:3614), pid=18524, tid=14212
#
# JRE version: OpenJDK Runtime Environment Corretto-17.0.13.11.1 (17.0.13+11) (build 17.0.13+11-LTS)
# Java VM: OpenJDK 64-Bit Server VM Corretto-17.0.13.11.1 (17.0.13+11-LTS, mixed mode, sharing, tiered, compressed oops, compressed class ptrs, g1 gc, windows-amd64)
# No core dump will be written. Minidumps are not enabled by default on client versions of Windows
#

---------------  S U M M A R Y ------------

Command Line: org.springframework.boot.SpringApplicationAotProcessor org.joinfaces.example.JoinFacesExampleApplication D:\Projetos\EstudoIndentar\Testes Spring boot\websocket-spring-jsf\target\spring-aot\main\sources D:\Projetos\EstudoIndentar\Testes Spring boot\websocket-spring-jsf\target\spring-aot\main\resources D:\Projetos\EstudoIndentar\Testes Spring boot\websocket-spring-jsf\target\spring-aot\main\classes org.joinfaces joinfaces-example

Host: AMD Ryzen 7 5700U with Radeon Graphics         , 16 cores, 10G,  Windows 11 , 64 bit Build 22621 (10.0.22621.4830)
Time: Wed Feb 19 13:42:29 2025 Hora oficial do Brasil elapsed time: 11.925865 seconds (0d 0h 0m 11s)

---------------  T H R E A D  ---------------

Current thread (0x000001b1d7904a40):  VMThread "VM Thread" [stack: 0x00000058a1c00000,0x00000058a1d00000] [id=14212]

Stack: [0x00000058a1c00000,0x00000058a1d00000]
Native frames: (J=compiled Java code, j=interpreted, Vv=VM code, C=native code)
V  [jvm.dll+0x680c19]
V  [jvm.dll+0x83888a]
V  [jvm.dll+0x83a34e]
V  [jvm.dll+0x83a9b3]
V  [jvm.dll+0x2481af]
V  [jvm.dll+0x67d959]
V  [jvm.dll+0x67242a]
V  [jvm.dll+0x30813b]
V  [jvm.dll+0x30f626]
V  [jvm.dll+0x35f94e]
V  [jvm.dll+0x35fb8f]
V  [jvm.dll+0x2df0ec]
V  [jvm.dll+0x2dd4af]
V  [jvm.dll+0x2dcbdc]
V  [jvm.dll+0x32037b]
V  [jvm.dll+0x83eead]
V  [jvm.dll+0x83fbf2]
V  [jvm.dll+0x84011f]
V  [jvm.dll+0x840504]
V  [jvm.dll+0x8405d0]
V  [jvm.dll+0x7e7b2c]
V  [jvm.dll+0x67fae7]
C  [ucrtbase.dll+0x29333]
C  [KERNEL32.DLL+0x1259d]
C  [ntdll.dll+0x5af38]

VM_Operation (0x00000058a3ffeee0): G1CollectForAllocation, mode: safepoint, requested by thread 0x000001b2204c5df0


---------------  P R O C E S S  ---------------

Threads class SMR info:
_java_thread_list=0x000001b221a81040, length=39, elements={
0x000001b1b7a29550, 0x000001b1d78fe2c0, 0x000001b1d78ff050, 0x000001b1d791b810,
0x000001b1d791d0f0, 0x000001b1d791dab0, 0x000001b1d791e470, 0x000001b1d791fd80,
0x000001b1d792c150, 0x000001b1d792ed70, 0x000001b1d8726c50, 0x000001b1d872fb10,
0x000001b1d8739260, 0x000001b2248220a0, 0x000001b2264399a0, 0x000001b2204c44a0,
0x000001b2204c58e0, 0x000001b2204c53d0, 0x000001b2204c3060, 0x000001b2204c5df0,
0x000001b2204c49b0, 0x000001b2204c4ec0, 0x000001b2204c3a80, 0x000001b2204c3f90,
0x000001b2204c6300, 0x000001b2204c3570, 0x000001b21fdddbb0, 0x000001b21fddff20,
0x000001b21fde0940, 0x000001b21fde40f0, 0x000001b21fde1870, 0x000001b21fddf500,
0x000001b21fde36d0, 0x000001b21fddd6a0, 0x000001b21fde3be0, 0x000001b21fde27a0,
0x000001b21fde0e50, 0x000001b21fdde0c0, 0x000001b21fde1360
}

Java Threads: ( => current thread )
  0x000001b1b7a29550 JavaThread "main" [_thread_blocked, id=17552, stack(0x00000058a1600000,0x00000058a1700000)]
  0x000001b1d78fe2c0 JavaThread "Reference Handler" daemon [_thread_blocked, id=12704, stack(0x00000058a1d00000,0x00000058a1e00000)]
  0x000001b1d78ff050 JavaThread "Finalizer" daemon [_thread_blocked, id=3488, stack(0x00000058a1e00000,0x00000058a1f00000)]
  0x000001b1d791b810 JavaThread "Signal Dispatcher" daemon [_thread_blocked, id=17056, stack(0x00000058a1f00000,0x00000058a2000000)]
  0x000001b1d791d0f0 JavaThread "Attach Listener" daemon [_thread_blocked, id=17988, stack(0x00000058a2000000,0x00000058a2100000)]
  0x000001b1d791dab0 JavaThread "Service Thread" daemon [_thread_blocked, id=8320, stack(0x00000058a2100000,0x00000058a2200000)]
  0x000001b1d791e470 JavaThread "Monitor Deflation Thread" daemon [_thread_blocked, id=19540, stack(0x00000058a2200000,0x00000058a2300000)]
  0x000001b1d791fd80 JavaThread "C2 CompilerThread0" daemon [_thread_in_native, id=6188, stack(0x00000058a2300000,0x00000058a2400000)]
  0x000001b1d792c150 JavaThread "C1 CompilerThread0" daemon [_thread_blocked, id=12308, stack(0x00000058a2400000,0x00000058a2500000)]
  0x000001b1d792ed70 JavaThread "Sweeper thread" daemon [_thread_blocked, id=18176, stack(0x00000058a2500000,0x00000058a2600000)]
  0x000001b1d8726c50 JavaThread "C1 CompilerThread1" daemon [_thread_blocked, id=15780, stack(0x00000058a2600000,0x00000058a2700000)]
  0x000001b1d872fb10 JavaThread "Notification Thread" daemon [_thread_blocked, id=19032, stack(0x00000058a2800000,0x00000058a2900000)]
  0x000001b1d8739260 JavaThread "Common-Cleaner" daemon [_thread_blocked, id=11772, stack(0x00000058a2a00000,0x00000058a2b00000)]
  0x000001b2248220a0 JavaThread "C2 CompilerThread1" daemon [_thread_blocked, id=12152, stack(0x00000058a2700000,0x00000058a2800000)]
  0x000001b2264399a0 JavaThread "C2 CompilerThread2" daemon [_thread_in_native, id=14024, stack(0x00000058a2b00000,0x00000058a2c00000)]
  0x000001b2204c44a0 JavaThread "ClassGraph-worker-48" daemon [_thread_blocked, id=7776, stack(0x00000058a3500000,0x00000058a3600000)]
  0x000001b2204c58e0 JavaThread "ClassGraph-worker-49" daemon [_thread_blocked, id=19588, stack(0x00000058a3600000,0x00000058a3700000)]
  0x000001b2204c53d0 JavaThread "ClassGraph-worker-50" daemon [_thread_blocked, id=3080, stack(0x00000058a3700000,0x00000058a3800000)]
  0x000001b2204c3060 JavaThread "ClassGraph-worker-51" daemon [_thread_blocked, id=7088, stack(0x00000058a3e00000,0x00000058a3f00000)]
  0x000001b2204c5df0 JavaThread "ClassGraph-worker-52" daemon [_thread_blocked, id=14436, stack(0x00000058a3f00000,0x00000058a4000000)]
  0x000001b2204c49b0 JavaThread "ClassGraph-worker-53" daemon [_thread_blocked, id=13588, stack(0x00000058a4500000,0x00000058a4600000)]
  0x000001b2204c4ec0 JavaThread "ClassGraph-worker-54" daemon [_thread_blocked, id=2956, stack(0x00000058a4600000,0x00000058a4700000)]
  0x000001b2204c3a80 JavaThread "ClassGraph-worker-55" daemon [_thread_blocked, id=16080, stack(0x00000058a4700000,0x00000058a4800000)]
  0x000001b2204c3f90 JavaThread "ClassGraph-worker-56" daemon [_thread_blocked, id=16360, stack(0x00000058a4800000,0x00000058a4900000)]
  0x000001b2204c6300 JavaThread "ClassGraph-worker-57" daemon [_thread_blocked, id=16992, stack(0x00000058a4900000,0x00000058a4a00000)]
  0x000001b2204c3570 JavaThread "ClassGraph-worker-58" daemon [_thread_blocked, id=12660, stack(0x00000058a4a00000,0x00000058a4b00000)]
  0x000001b21fdddbb0 JavaThread "ClassGraph-worker-59" daemon [_thread_blocked, id=19852, stack(0x00000058a4b00000,0x00000058a4c00000)]
  0x000001b21fddff20 JavaThread "ClassGraph-worker-60" daemon [_thread_blocked, id=6516, stack(0x00000058a4c00000,0x00000058a4d00000)]
  0x000001b21fde0940 JavaThread "ClassGraph-worker-61" daemon [_thread_blocked, id=20840, stack(0x00000058a4d00000,0x00000058a4e00000)]
  0x000001b21fde40f0 JavaThread "ClassGraph-worker-62" daemon [_thread_blocked, id=13660, stack(0x00000058a4e00000,0x00000058a4f00000)]
  0x000001b21fde1870 JavaThread "ClassGraph-worker-63" daemon [_thread_blocked, id=17160, stack(0x00000058a4f00000,0x00000058a5000000)]
  0x000001b21fddf500 JavaThread "ClassGraph-worker-64" daemon [_thread_blocked, id=9948, stack(0x00000058a5000000,0x00000058a5100000)]
  0x000001b21fde36d0 JavaThread "ClassGraph-worker-65" daemon [_thread_blocked, id=10852, stack(0x00000058a5100000,0x00000058a5200000)]
  0x000001b21fddd6a0 JavaThread "ClassGraph-worker-66" daemon [_thread_blocked, id=14036, stack(0x00000058a5200000,0x00000058a5300000)]
  0x000001b21fde3be0 JavaThread "ClassGraph-worker-67" daemon [_thread_blocked, id=1928, stack(0x00000058a5300000,0x00000058a5400000)]
  0x000001b21fde27a0 JavaThread "ClassGraph-worker-68" daemon [_thread_blocked, id=18796, stack(0x00000058a5400000,0x00000058a5500000)]
  0x000001b21fde0e50 JavaThread "ClassGraph-worker-69" daemon [_thread_blocked, id=17752, stack(0x00000058a5500000,0x00000058a5600000)]
  0x000001b21fdde0c0 JavaThread "ClassGraph-worker-70" daemon [_thread_blocked, id=13124, stack(0x00000058a5600000,0x00000058a5700000)]
  0x000001b21fde1360 JavaThread "ClassGraph-worker-71" daemon [_thread_blocked, id=8232, stack(0x00000058a5700000,0x00000058a5800000)]

Other Threads:
=>0x000001b1d7904a40 VMThread "VM Thread" [stack: 0x00000058a1c00000,0x00000058a1d00000] [id=14212]
  0x000001b1d8730c10 WatcherThread [stack: 0x00000058a2900000,0x00000058a2a00000] [id=13684]
  0x000001b1b7a7f4c0 GCTaskThread "GC Thread#0" [stack: 0x00000058a1700000,0x00000058a1800000] [id=17472]
  0x000001b21e95aca0 GCTaskThread "GC Thread#1" [stack: 0x00000058a2c00000,0x00000058a2d00000] [id=20880]
  0x000001b21e877500 GCTaskThread "GC Thread#2" [stack: 0x00000058a2d00000,0x00000058a2e00000] [id=16548]
  0x000001b21e8304d0 GCTaskThread "GC Thread#3" [stack: 0x00000058a2e00000,0x00000058a2f00000] [id=11944]
  0x000001b21e81fd20 GCTaskThread "GC Thread#4" [stack: 0x00000058a2f00000,0x00000058a3000000] [id=17616]
  0x000001b21eeb1ae0 GCTaskThread "GC Thread#5" [stack: 0x00000058a3100000,0x00000058a3200000] [id=228]
  0x000001b21e7fed00 GCTaskThread "GC Thread#6" [stack: 0x00000058a3200000,0x00000058a3300000] [id=17200]
  0x000001b21eb16ef0 GCTaskThread "GC Thread#7" [stack: 0x00000058a3300000,0x00000058a3400000] [id=14632]
  0x000001b21f1be610 GCTaskThread "GC Thread#8" [stack: 0x00000058a3000000,0x00000058a3100000] [id=14468]
  0x000001b21fa34360 GCTaskThread "GC Thread#9" [stack: 0x00000058a3800000,0x00000058a3900000] [id=12160]
  0x000001b21f97cb70 GCTaskThread "GC Thread#10" [stack: 0x00000058a3900000,0x00000058a3a00000] [id=16576]
  0x000001b21ff5ef40 GCTaskThread "GC Thread#11" [stack: 0x00000058a3a00000,0x00000058a3b00000] [id=20412]
  0x000001b21ff67e20 GCTaskThread "GC Thread#12" [stack: 0x00000058a3b00000,0x00000058a3c00000] [id=9600]
  0x000001b1b7a8b9b0 ConcurrentGCThread "G1 Main Marker" [stack: 0x00000058a1800000,0x00000058a1900000] [id=10776]
  0x000001b1b7a8c3d0 ConcurrentGCThread "G1 Conc#0" [stack: 0x00000058a1900000,0x00000058a1a00000] [id=10100]
  0x000001b21ff683a0 ConcurrentGCThread "G1 Conc#1" [stack: 0x00000058a3c00000,0x00000058a3d00000] [id=9068]
  0x000001b21ff678a0 ConcurrentGCThread "G1 Conc#2" [stack: 0x00000058a3d00000,0x00000058a3e00000] [id=8012]
  0x000001b1d77c5ca0 ConcurrentGCThread "G1 Refine#0" [stack: 0x00000058a1a00000,0x00000058a1b00000] [id=1188]
  0x000001b22215db30 ConcurrentGCThread "G1 Refine#1" [stack: 0x00000058a5900000,0x00000058a5a00000] [id=5356]
  0x000001b22215e110 ConcurrentGCThread "G1 Refine#2" [stack: 0x00000058a5a00000,0x00000058a5b00000] [id=19116]
  0x000001b22215cf70 ConcurrentGCThread "G1 Refine#3" [stack: 0x00000058a5b00000,0x00000058a5c00000] [id=20216]
  0x000001b22215e400 ConcurrentGCThread "G1 Refine#4" [stack: 0x00000058a3400000,0x00000058a3500000] [id=9612]
  0x000001b22215de20 ConcurrentGCThread "G1 Refine#5" [stack: 0x00000058a5c00000,0x00000058a5d00000] [id=9228]
  0x000001b22215e6f0 ConcurrentGCThread "G1 Refine#6" [stack: 0x00000058a4000000,0x00000058a4100000] [id=5016]
  0x000001b22215cc80 ConcurrentGCThread "G1 Refine#7" [stack: 0x00000058a4100000,0x00000058a4200000] [id=18860]
  0x000001b226d63ea0 ConcurrentGCThread "G1 Refine#8" [stack: 0x00000058a4200000,0x00000058a4300000] [id=18508]
  0x000001b226d64770 ConcurrentGCThread "G1 Refine#9" [stack: 0x00000058a4300000,0x00000058a4400000] [id=1504]
  0x000001b226d64190 ConcurrentGCThread "G1 Refine#10" [stack: 0x00000058a4400000,0x00000058a4500000] [id=19008]
  0x000001b226d64d50 ConcurrentGCThread "G1 Refine#11" [stack: 0x00000058a5800000,0x00000058a5900000] [id=20384]
  0x000001b226d62d00 ConcurrentGCThread "G1 Refine#12" [stack: 0x00000058a5d00000,0x00000058a5e00000] [id=2632]
  0x000001b1b7ac5c80 ConcurrentGCThread "G1 Service" [stack: 0x00000058a1b00000,0x00000058a1c00000] [id=2124]

Threads with active compile tasks:
C2 CompilerThread0    11943 6707 %     4       io.github.classgraph.Classfile::readMethods @ 1324 (1551 bytes)
C2 CompilerThread1    11943 6738       4       io.github.classgraph.MethodInfo::handleRepeatableAnnotations (186 bytes)
C2 CompilerThread2    11943 6745       4       io.github.classgraph.ClassInfo::handleRepeatableAnnotations (108 bytes)

VM state: at safepoint (normal execution)

VM Mutex/Monitor currently owned by a thread:  ([mutex/lock_event])
[0x000001b1b7a25ca0] Threads_lock - owner thread: 0x000001b1d7904a40
[0x000001b1b7a26c60] Heap_lock - owner thread: 0x000001b2204c5df0

Heap address: 0x0000000752600000, size: 2778 MB, Compressed Oops mode: Zero based, Oop shift amount: 3

CDS archive(s) mapped at: [0x000001b1d9000000-0x000001b1d9bb0000-0x000001b1d9bb0000), size 12255232, SharedBaseAddress: 0x000001b1d9000000, ArchiveRelocationMode: 1.
Compressed class space mapped at: 0x000001b1da000000-0x000001b21a000000, reserved size: 1073741824
Narrow klass base: 0x000001b1d9000000, Narrow klass shift: 0, Narrow klass range: 0x100000000

GC Precious Log:
 CPUs: 16 total, 16 available
 Memory: 11109M
 Large Page Support: Disabled
 NUMA Support: Disabled
 Compressed Oops: Enabled (Zero based)
 Heap Region Size: 2M
 Heap Min Capacity: 8M
 Heap Initial Capacity: 174M
 Heap Max Capacity: 2778M
 Pre-touch: Disabled
 Parallel Workers: 13
 Concurrent Workers: 3
 Concurrent Refinement Workers: 13
 Periodic GC: Disabled

Heap:
 garbage-first heap   total 778240K, used 209617K [0x0000000752600000, 0x0000000800000000)
  region size 2048K, 15 young (30720K), 15 survivors (30720K)
 Metaspace       used 40531K, committed 41024K, reserved 1114112K
  class space    used 5449K, committed 5696K, reserved 1048576K

Heap Regions: E=young(eden), S=young(survivor), O=old, HS=humongous(starts), HC=humongous(continues), CS=collection set, F=free, OA=open archive, CA=closed archive, TAMS=top-at-mark-start (previous, next)
|   0|0x0000000752600000, 0x0000000752800000, 0x0000000752800000|100%| O|  |TAMS 0x0000000752800000, 0x0000000752600000| Untracked 
|   1|0x0000000752800000, 0x0000000752a00000, 0x0000000752a00000|100%| O|  |TAMS 0x0000000752a00000, 0x0000000752800000| Untracked 
|   2|0x0000000752a00000, 0x0000000752c00000, 0x0000000752c00000|100%| O|  |TAMS 0x0000000752c00000, 0x0000000752a00000| Untracked 
|   3|0x0000000752c00000, 0x0000000752e00000, 0x0000000752e00000|100%| O|  |TAMS 0x0000000752e00000, 0x0000000752c00000| Untracked 
|   4|0x0000000752e00000, 0x0000000753000000, 0x0000000753000000|100%| O|  |TAMS 0x0000000753000000, 0x0000000752e00000| Untracked 
|   5|0x0000000753000000, 0x0000000753200000, 0x0000000753200000|100%| O|  |TAMS 0x0000000753200000, 0x0000000753000000| Untracked 
|   6|0x0000000753200000, 0x0000000753400000, 0x0000000753400000|100%| O|  |TAMS 0x0000000753400000, 0x0000000753200000| Untracked 
|   7|0x0000000753400000, 0x0000000753600000, 0x0000000753600000|100%| O|  |TAMS 0x0000000753600000, 0x0000000753400000| Untracked 
|   8|0x0000000753600000, 0x0000000753800000, 0x0000000753800000|100%| O|  |TAMS 0x0000000753800000, 0x0000000753600000| Untracked 
|   9|0x0000000753800000, 0x0000000753a00000, 0x0000000753a00000|100%| O|  |TAMS 0x0000000753a00000, 0x0000000753800000| Untracked 
|  10|0x0000000753a00000, 0x0000000753c00000, 0x0000000753c00000|100%| O|  |TAMS 0x0000000753c00000, 0x0000000753a00000| Untracked 
|  11|0x0000000753c00000, 0x0000000753e00000, 0x0000000753e00000|100%| O|  |TAMS 0x0000000753e00000, 0x0000000753c00000| Untracked 
|  12|0x0000000753e00000, 0x0000000754000000, 0x0000000754000000|100%| O|  |TAMS 0x0000000754000000, 0x0000000753e00000| Untracked 
|  13|0x0000000754000000, 0x0000000754200000, 0x0000000754200000|100%| O|  |TAMS 0x0000000754000000, 0x0000000754000000| Untracked 
|  14|0x0000000754200000, 0x0000000754400000, 0x0000000754400000|100%|HS|  |TAMS 0x0000000754200000, 0x0000000754200000| Complete 
|  15|0x0000000754400000, 0x0000000754600000, 0x0000000754600000|100%| O|  |TAMS 0x0000000754600000, 0x0000000754400000| Untracked 
|  16|0x0000000754600000, 0x0000000754800000, 0x0000000754800000|100%| O|  |TAMS 0x0000000754800000, 0x0000000754600000| Untracked 
|  17|0x0000000754800000, 0x0000000754a00000, 0x0000000754a00000|100%| O|  |TAMS 0x0000000754800000, 0x0000000754800000| Untracked 
|  18|0x0000000754a00000, 0x0000000754c00000, 0x0000000754c00000|100%| O|  |TAMS 0x0000000754a00000, 0x0000000754a00000| Untracked 
|  19|0x0000000754c00000, 0x0000000754e00000, 0x0000000754e00000|100%| O|  |TAMS 0x0000000754e00000, 0x0000000754c00000| Untracked 
|  20|0x0000000754e00000, 0x0000000755000000, 0x0000000755000000|100%| O|  |TAMS 0x0000000755000000, 0x0000000754e00000| Untracked 
|  21|0x0000000755000000, 0x0000000755200000, 0x0000000755200000|100%| O|  |TAMS 0x0000000755000000, 0x0000000755000000| Untracked 
|  22|0x0000000755200000, 0x0000000755400000, 0x0000000755400000|100%| O|  |TAMS 0x0000000755400000, 0x0000000755200000| Untracked 
|  23|0x0000000755400000, 0x0000000755600000, 0x0000000755600000|100%| O|  |TAMS 0x0000000755600000, 0x0000000755400000| Untracked 
|  24|0x0000000755600000, 0x0000000755800000, 0x0000000755800000|100%| O|  |TAMS 0x0000000755600000, 0x0000000755600000| Untracked 
|  25|0x0000000755800000, 0x0000000755a00000, 0x0000000755a00000|100%| O|  |TAMS 0x0000000755800000, 0x0000000755800000| Untracked 
|  26|0x0000000755a00000, 0x0000000755c00000, 0x0000000755c00000|100%| O|  |TAMS 0x0000000755a00000, 0x0000000755a00000| Untracked 
|  27|0x0000000755c00000, 0x0000000755e00000, 0x0000000755e00000|100%| O|  |TAMS 0x0000000755c00000, 0x0000000755c00000| Untracked 
|  28|0x0000000755e00000, 0x0000000756000000, 0x0000000756000000|100%| O|  |TAMS 0x0000000755e00000, 0x0000000755e00000| Untracked 
|  29|0x0000000756000000, 0x0000000756200000, 0x0000000756200000|100%| O|  |TAMS 0x0000000756000000, 0x0000000756000000| Untracked 
|  30|0x0000000756200000, 0x0000000756400000, 0x0000000756400000|100%| O|  |TAMS 0x0000000756200000, 0x0000000756200000| Untracked 
|  31|0x0000000756400000, 0x0000000756600000, 0x0000000756600000|100%| O|  |TAMS 0x0000000756400000, 0x0000000756400000| Untracked 
|  32|0x0000000756600000, 0x0000000756800000, 0x0000000756800000|100%| O|  |TAMS 0x0000000756600000, 0x0000000756600000| Untracked 
|  33|0x0000000756800000, 0x0000000756a00000, 0x0000000756a00000|100%| O|  |TAMS 0x0000000756800000, 0x0000000756800000| Untracked 
|  34|0x0000000756a00000, 0x0000000756c00000, 0x0000000756c00000|100%| O|  |TAMS 0x0000000756a00000, 0x0000000756a00000| Untracked 
|  35|0x0000000756c00000, 0x0000000756e00000, 0x0000000756e00000|100%| O|  |TAMS 0x0000000756c00000, 0x0000000756c00000| Untracked 
|  36|0x0000000756e00000, 0x0000000757000000, 0x0000000757000000|100%| O|  |TAMS 0x0000000756e00000, 0x0000000756e00000| Untracked 
|  37|0x0000000757000000, 0x0000000757200000, 0x0000000757200000|100%| O|  |TAMS 0x0000000757000000, 0x0000000757000000| Untracked 
|  38|0x0000000757200000, 0x0000000757400000, 0x0000000757400000|100%| O|  |TAMS 0x0000000757200000, 0x0000000757200000| Untracked 
|  39|0x0000000757400000, 0x0000000757600000, 0x0000000757600000|100%| O|  |TAMS 0x0000000757400000, 0x0000000757400000| Untracked 
|  40|0x0000000757600000, 0x0000000757800000, 0x0000000757800000|100%| O|  |TAMS 0x0000000757600000, 0x0000000757600000| Untracked 
|  41|0x0000000757800000, 0x0000000757a00000, 0x0000000757a00000|100%| O|  |TAMS 0x0000000757800000, 0x0000000757800000| Untracked 
|  42|0x0000000757a00000, 0x0000000757c00000, 0x0000000757c00000|100%| O|  |TAMS 0x0000000757a00000, 0x0000000757a00000| Untracked 
|  43|0x0000000757c00000, 0x0000000757e00000, 0x0000000757e00000|100%| O|  |TAMS 0x0000000757c00000, 0x0000000757c00000| Untracked 
|  44|0x0000000757e00000, 0x0000000758000000, 0x0000000758000000|100%| O|  |TAMS 0x0000000757e00000, 0x0000000757e00000| Untracked 
|  45|0x0000000758000000, 0x0000000758200000, 0x0000000758200000|100%| O|  |TAMS 0x0000000758000000, 0x0000000758000000| Untracked 
|  46|0x0000000758200000, 0x0000000758400000, 0x0000000758400000|100%| O|  |TAMS 0x0000000758200000, 0x0000000758200000| Untracked 
|  47|0x0000000758400000, 0x0000000758600000, 0x0000000758600000|100%| O|  |TAMS 0x0000000758400000, 0x0000000758400000| Untracked 
|  48|0x0000000758600000, 0x0000000758800000, 0x0000000758800000|100%| O|  |TAMS 0x0000000758600000, 0x0000000758600000| Untracked 
|  49|0x0000000758800000, 0x0000000758a00000, 0x0000000758a00000|100%| O|  |TAMS 0x0000000758800000, 0x0000000758800000| Untracked 
|  50|0x0000000758a00000, 0x0000000758a4cc00, 0x0000000758c00000| 14%| O|  |TAMS 0x0000000758a00000, 0x0000000758a00000| Untracked 
|  51|0x0000000758c00000, 0x0000000758e00000, 0x0000000758e00000|100%| O|  |TAMS 0x0000000758e00000, 0x0000000758c00000| Untracked 
|  52|0x0000000758e00000, 0x0000000758e00000, 0x0000000759000000|  0%| F|  |TAMS 0x0000000758e00000, 0x0000000758e00000| Untracked 
|  53|0x0000000759000000, 0x0000000759000000, 0x0000000759200000|  0%| F|  |TAMS 0x0000000759000000, 0x0000000759000000| Untracked 
|  54|0x0000000759200000, 0x0000000759200000, 0x0000000759400000|  0%| F|  |TAMS 0x0000000759200000, 0x0000000759200000| Untracked 
|  55|0x0000000759400000, 0x0000000759400000, 0x0000000759600000|  0%| F|  |TAMS 0x0000000759400000, 0x0000000759400000| Untracked 
|  56|0x0000000759600000, 0x0000000759600000, 0x0000000759800000|  0%| F|  |TAMS 0x0000000759600000, 0x0000000759600000| Untracked 
|  57|0x0000000759800000, 0x0000000759800000, 0x0000000759a00000|  0%| F|  |TAMS 0x0000000759800000, 0x0000000759800000| Untracked 
|  58|0x0000000759a00000, 0x0000000759a00000, 0x0000000759c00000|  0%| F|  |TAMS 0x0000000759a00000, 0x0000000759a00000| Untracked 
|  59|0x0000000759c00000, 0x0000000759e00000, 0x0000000759e00000|100%| O|  |TAMS 0x0000000759e00000, 0x0000000759c00000| Untracked 
|  60|0x0000000759e00000, 0x0000000759e00000, 0x000000075a000000|  0%| F|  |TAMS 0x0000000759e00000, 0x0000000759e00000| Untracked 
|  61|0x000000075a000000, 0x000000075a200000, 0x000000075a200000|100%| O|  |TAMS 0x000000075a200000, 0x000000075a000000| Untracked 
|  62|0x000000075a200000, 0x000000075a400000, 0x000000075a400000|100%| O|  |TAMS 0x000000075a400000, 0x000000075a200000| Untracked 
|  63|0x000000075a400000, 0x000000075a600000, 0x000000075a600000|100%| O|  |TAMS 0x000000075a600000, 0x000000075a400000| Untracked 
|  64|0x000000075a600000, 0x000000075a800000, 0x000000075a800000|100%| O|  |TAMS 0x000000075a800000, 0x000000075a600000| Untracked 
|  65|0x000000075a800000, 0x000000075aa00000, 0x000000075aa00000|100%| O|  |TAMS 0x000000075aa00000, 0x000000075a800000| Untracked 
|  66|0x000000075aa00000, 0x000000075ac00000, 0x000000075ac00000|100%| O|  |TAMS 0x000000075ac00000, 0x000000075aa00000| Untracked 
|  67|0x000000075ac00000, 0x000000075ae00000, 0x000000075ae00000|100%| O|  |TAMS 0x000000075ae00000, 0x000000075ac00000| Untracked 
|  68|0x000000075ae00000, 0x000000075b000000, 0x000000075b000000|100%| O|  |TAMS 0x000000075b000000, 0x000000075ae00000| Untracked 
|  69|0x000000075b000000, 0x000000075b200000, 0x000000075b200000|100%| O|  |TAMS 0x000000075b200000, 0x000000075b000000| Untracked 
|  70|0x000000075b200000, 0x000000075b400000, 0x000000075b400000|100%| O|  |TAMS 0x000000075b400000, 0x000000075b200000| Untracked 
|  71|0x000000075b400000, 0x000000075b600000, 0x000000075b600000|100%| O|  |TAMS 0x000000075b600000, 0x000000075b400000| Untracked 
|  72|0x000000075b600000, 0x000000075b800000, 0x000000075b800000|100%| O|  |TAMS 0x000000075b800000, 0x000000075b600000| Untracked 
|  73|0x000000075b800000, 0x000000075ba00000, 0x000000075ba00000|100%| O|  |TAMS 0x000000075ba00000, 0x000000075b800000| Untracked 
|  74|0x000000075ba00000, 0x000000075bc00000, 0x000000075bc00000|100%| O|  |TAMS 0x000000075bc00000, 0x000000075ba00000| Untracked 
|  75|0x000000075bc00000, 0x000000075be00000, 0x000000075be00000|100%| O|  |TAMS 0x000000075be00000, 0x000000075bc00000| Untracked 
|  76|0x000000075be00000, 0x000000075c000000, 0x000000075c000000|100%| O|  |TAMS 0x000000075c000000, 0x000000075be00000| Untracked 
|  77|0x000000075c000000, 0x000000075c200000, 0x000000075c200000|100%| O|  |TAMS 0x000000075c200000, 0x000000075c000000| Untracked 
|  78|0x000000075c200000, 0x000000075c400000, 0x000000075c400000|100%| O|  |TAMS 0x000000075c400000, 0x000000075c200000| Untracked 
|  79|0x000000075c400000, 0x000000075c600000, 0x000000075c600000|100%| O|  |TAMS 0x000000075c600000, 0x000000075c400000| Untracked 
|  80|0x000000075c600000, 0x000000075c671600, 0x000000075c800000| 22%| O|  |TAMS 0x000000075c671600, 0x000000075c600000| Untracked 
|  81|0x000000075c800000, 0x000000075c800000, 0x000000075ca00000|  0%| F|  |TAMS 0x000000075c800000, 0x000000075c800000| Untracked 
|  82|0x000000075ca00000, 0x000000075ca00000, 0x000000075cc00000|  0%| F|  |TAMS 0x000000075ca00000, 0x000000075ca00000| Untracked 
|  83|0x000000075cc00000, 0x000000075cc00000, 0x000000075ce00000|  0%| F|  |TAMS 0x000000075cc00000, 0x000000075cc00000| Untracked 
|  84|0x000000075ce00000, 0x000000075ce00000, 0x000000075d000000|  0%| F|  |TAMS 0x000000075ce00000, 0x000000075ce00000| Untracked 
|  85|0x000000075d000000, 0x000000075d000000, 0x000000075d200000|  0%| F|  |TAMS 0x000000075d000000, 0x000000075d000000| Untracked 
|  86|0x000000075d200000, 0x000000075d200000, 0x000000075d400000|  0%| F|  |TAMS 0x000000075d200000, 0x000000075d200000| Untracked 
|  87|0x000000075d400000, 0x000000075d400000, 0x000000075d600000|  0%| F|  |TAMS 0x000000075d400000, 0x000000075d400000| Untracked 
|  88|0x000000075d600000, 0x000000075d600000, 0x000000075d800000|  0%| F|  |TAMS 0x000000075d600000, 0x000000075d600000| Untracked 
|  89|0x000000075d800000, 0x000000075d800000, 0x000000075da00000|  0%| F|  |TAMS 0x000000075d800000, 0x000000075d800000| Untracked 
|  90|0x000000075da00000, 0x000000075da00000, 0x000000075dc00000|  0%| F|  |TAMS 0x000000075da00000, 0x000000075da00000| Untracked 
|  91|0x000000075dc00000, 0x000000075de00000, 0x000000075de00000|100%| O|  |TAMS 0x000000075dc00000, 0x000000075dc00000| Untracked 
|  92|0x000000075de00000, 0x000000075e000000, 0x000000075e000000|100%| O|  |TAMS 0x000000075de00000, 0x000000075de00000| Untracked 
|  93|0x000000075e000000, 0x000000075e200000, 0x000000075e200000|100%| O|  |TAMS 0x000000075e000000, 0x000000075e000000| Untracked 
|  94|0x000000075e200000, 0x000000075e400000, 0x000000075e400000|100%| O|  |TAMS 0x000000075e200000, 0x000000075e200000| Untracked 
|  95|0x000000075e400000, 0x000000075e600000, 0x000000075e600000|100%| O|  |TAMS 0x000000075e400000, 0x000000075e400000| Untracked 
|  96|0x000000075e600000, 0x000000075e800000, 0x000000075e800000|100%| O|  |TAMS 0x000000075e600000, 0x000000075e600000| Untracked 
|  97|0x000000075e800000, 0x000000075e9ffff8, 0x000000075ea00000| 99%| O|  |TAMS 0x000000075e800000, 0x000000075e800000| Untracked 
|  98|0x000000075ea00000, 0x000000075ec00000, 0x000000075ec00000|100%| O|  |TAMS 0x000000075ea00000, 0x000000075ea00000| Untracked 
|  99|0x000000075ec00000, 0x000000075ee00000, 0x000000075ee00000|100%| O|  |TAMS 0x000000075ec00000, 0x000000075ec00000| Untracked 
| 100|0x000000075ee00000, 0x000000075f000000, 0x000000075f000000|100%| O|  |TAMS 0x000000075ee00000, 0x000000075ee00000| Untracked 
| 101|0x000000075f000000, 0x000000075f200000, 0x000000075f200000|100%| O|  |TAMS 0x000000075f000000, 0x000000075f000000| Untracked 
| 102|0x000000075f200000, 0x000000075f400000, 0x000000075f400000|100%| O|  |TAMS 0x000000075f200000, 0x000000075f200000| Untracked 
| 103|0x000000075f400000, 0x000000075f600000, 0x000000075f600000|100%| O|  |TAMS 0x000000075f400000, 0x000000075f400000| Untracked 
| 104|0x000000075f600000, 0x000000075f800000, 0x000000075f800000|100%| O|  |TAMS 0x000000075f600000, 0x000000075f600000| Untracked 
| 105|0x000000075f800000, 0x000000075fa00000, 0x000000075fa00000|100%| O|  |TAMS 0x000000075f800000, 0x000000075f800000| Untracked 
| 106|0x000000075fa00000, 0x000000075fc00000, 0x000000075fc00000|100%| O|  |TAMS 0x000000075fa00000, 0x000000075fa00000| Untracked 
| 107|0x000000075fc00000, 0x000000075fc00000, 0x000000075fe00000|  0%| F|  |TAMS 0x000000075fc00000, 0x000000075fc00000| Untracked 
| 108|0x000000075fe00000, 0x000000075fe00000, 0x0000000760000000|  0%| F|  |TAMS 0x000000075fe00000, 0x000000075fe00000| Untracked 
| 109|0x0000000760000000, 0x0000000760000000, 0x0000000760200000|  0%| F|  |TAMS 0x0000000760000000, 0x0000000760000000| Untracked 
| 110|0x0000000760200000, 0x0000000760200000, 0x0000000760400000|  0%| F|  |TAMS 0x0000000760200000, 0x0000000760200000| Untracked 
| 111|0x0000000760400000, 0x0000000760400000, 0x0000000760600000|  0%| F|  |TAMS 0x0000000760400000, 0x0000000760400000| Untracked 
| 112|0x0000000760600000, 0x0000000760600000, 0x0000000760800000|  0%| F|  |TAMS 0x0000000760600000, 0x0000000760600000| Untracked 
| 113|0x0000000760800000, 0x0000000760800000, 0x0000000760a00000|  0%| F|  |TAMS 0x0000000760800000, 0x0000000760800000| Untracked 
| 114|0x0000000760a00000, 0x0000000760a00000, 0x0000000760c00000|  0%| F|  |TAMS 0x0000000760a00000, 0x0000000760a00000| Untracked 
| 115|0x0000000760c00000, 0x0000000760c00000, 0x0000000760e00000|  0%| F|  |TAMS 0x0000000760c00000, 0x0000000760c00000| Untracked 
| 116|0x0000000760e00000, 0x0000000760e00000, 0x0000000761000000|  0%| F|  |TAMS 0x0000000760e00000, 0x0000000760e00000| Untracked 
| 117|0x0000000761000000, 0x0000000761000000, 0x0000000761200000|  0%| F|  |TAMS 0x0000000761000000, 0x0000000761000000| Untracked 
| 118|0x0000000761200000, 0x0000000761200000, 0x0000000761400000|  0%| F|  |TAMS 0x0000000761200000, 0x0000000761200000| Untracked 
| 119|0x0000000761400000, 0x0000000761400000, 0x0000000761600000|  0%| F|  |TAMS 0x0000000761400000, 0x0000000761400000| Untracked 
| 120|0x0000000761600000, 0x0000000761600000, 0x0000000761800000|  0%| F|  |TAMS 0x0000000761600000, 0x0000000761600000| Untracked 
| 121|0x0000000761800000, 0x0000000761800000, 0x0000000761a00000|  0%| F|  |TAMS 0x0000000761800000, 0x0000000761800000| Untracked 
| 122|0x0000000761a00000, 0x0000000761a00000, 0x0000000761c00000|  0%| F|  |TAMS 0x0000000761a00000, 0x0000000761a00000| Untracked 
| 123|0x0000000761c00000, 0x0000000761c00000, 0x0000000761e00000|  0%| F|  |TAMS 0x0000000761c00000, 0x0000000761c00000| Untracked 
| 124|0x0000000761e00000, 0x0000000761e00000, 0x0000000762000000|  0%| F|  |TAMS 0x0000000761e00000, 0x0000000761e00000| Untracked 
| 125|0x0000000762000000, 0x0000000762000000, 0x0000000762200000|  0%| F|  |TAMS 0x0000000762000000, 0x0000000762000000| Untracked 
| 126|0x0000000762200000, 0x0000000762200000, 0x0000000762400000|  0%| F|  |TAMS 0x0000000762200000, 0x0000000762200000| Untracked 
| 127|0x0000000762400000, 0x0000000762400000, 0x0000000762600000|  0%| F|  |TAMS 0x0000000762400000, 0x0000000762400000| Untracked 
| 128|0x0000000762600000, 0x0000000762600000, 0x0000000762800000|  0%| F|  |TAMS 0x0000000762600000, 0x0000000762600000| Untracked 
| 129|0x0000000762800000, 0x0000000762800000, 0x0000000762a00000|  0%| F|  |TAMS 0x0000000762800000, 0x0000000762800000| Untracked 
| 130|0x0000000762a00000, 0x0000000762a00000, 0x0000000762c00000|  0%| F|  |TAMS 0x0000000762a00000, 0x0000000762a00000| Untracked 
| 131|0x0000000762c00000, 0x0000000762c00000, 0x0000000762e00000|  0%| F|  |TAMS 0x0000000762c00000, 0x0000000762c00000| Untracked 
| 132|0x0000000762e00000, 0x0000000762e00000, 0x0000000763000000|  0%| F|  |TAMS 0x0000000762e00000, 0x0000000762e00000| Untracked 
| 133|0x0000000763000000, 0x0000000763000000, 0x0000000763200000|  0%| F|  |TAMS 0x0000000763000000, 0x0000000763000000| Untracked 
| 134|0x0000000763200000, 0x0000000763200000, 0x0000000763400000|  0%| F|  |TAMS 0x0000000763200000, 0x0000000763200000| Untracked 
| 135|0x0000000763400000, 0x0000000763400000, 0x0000000763600000|  0%| F|  |TAMS 0x0000000763400000, 0x0000000763400000| Untracked 
| 136|0x0000000763600000, 0x0000000763600000, 0x0000000763800000|  0%| F|  |TAMS 0x0000000763600000, 0x0000000763600000| Untracked 
| 137|0x0000000763800000, 0x0000000763800000, 0x0000000763a00000|  0%| F|  |TAMS 0x0000000763800000, 0x0000000763800000| Untracked 
| 138|0x0000000763a00000, 0x0000000763a00000, 0x0000000763c00000|  0%| F|  |TAMS 0x0000000763a00000, 0x0000000763a00000| Untracked 
| 139|0x0000000763c00000, 0x0000000763c00000, 0x0000000763e00000|  0%| F|  |TAMS 0x0000000763c00000, 0x0000000763c00000| Untracked 
| 140|0x0000000763e00000, 0x0000000763e00000, 0x0000000764000000|  0%| F|  |TAMS 0x0000000763e00000, 0x0000000763e00000| Untracked 
| 141|0x0000000764000000, 0x0000000764000000, 0x0000000764200000|  0%| F|  |TAMS 0x0000000764000000, 0x0000000764000000| Untracked 
| 142|0x0000000764200000, 0x0000000764200000, 0x0000000764400000|  0%| F|  |TAMS 0x0000000764200000, 0x0000000764200000| Untracked 
| 143|0x0000000764400000, 0x0000000764400000, 0x0000000764600000|  0%| F|  |TAMS 0x0000000764400000, 0x0000000764400000| Untracked 
| 144|0x0000000764600000, 0x0000000764600000, 0x0000000764800000|  0%| F|  |TAMS 0x0000000764600000, 0x0000000764600000| Untracked 
| 145|0x0000000764800000, 0x0000000764800000, 0x0000000764a00000|  0%| F|  |TAMS 0x0000000764800000, 0x0000000764800000| Untracked 
| 146|0x0000000764a00000, 0x0000000764a00000, 0x0000000764c00000|  0%| F|  |TAMS 0x0000000764a00000, 0x0000000764a00000| Untracked 
| 147|0x0000000764c00000, 0x0000000764c00000, 0x0000000764e00000|  0%| F|  |TAMS 0x0000000764c00000, 0x0000000764c00000| Untracked 
| 148|0x0000000764e00000, 0x0000000764ff63a0, 0x0000000765000000| 98%| S|CS|TAMS 0x0000000764e00000, 0x0000000764e00000| Complete 
| 149|0x0000000765000000, 0x0000000765200000, 0x0000000765200000|100%| S|CS|TAMS 0x0000000765000000, 0x0000000765000000| Complete 
| 150|0x0000000765200000, 0x0000000765400000, 0x0000000765400000|100%| S|CS|TAMS 0x0000000765200000, 0x0000000765200000| Complete 
| 151|0x0000000765400000, 0x0000000765600000, 0x0000000765600000|100%| S|CS|TAMS 0x0000000765400000, 0x0000000765400000| Complete 
| 152|0x0000000765600000, 0x0000000765800000, 0x0000000765800000|100%| S|CS|TAMS 0x0000000765600000, 0x0000000765600000| Complete 
| 153|0x0000000765800000, 0x0000000765a00000, 0x0000000765a00000|100%| S|CS|TAMS 0x0000000765800000, 0x0000000765800000| Complete 
| 154|0x0000000765a00000, 0x0000000765c00000, 0x0000000765c00000|100%| S|CS|TAMS 0x0000000765a00000, 0x0000000765a00000| Complete 
| 155|0x0000000765c00000, 0x0000000765e00000, 0x0000000765e00000|100%| S|CS|TAMS 0x0000000765c00000, 0x0000000765c00000| Complete 
| 156|0x0000000765e00000, 0x0000000766000000, 0x0000000766000000|100%| S|CS|TAMS 0x0000000765e00000, 0x0000000765e00000| Complete 
| 157|0x0000000766000000, 0x0000000766200000, 0x0000000766200000|100%| S|CS|TAMS 0x0000000766000000, 0x0000000766000000| Complete 
| 158|0x0000000766200000, 0x0000000766400000, 0x0000000766400000|100%| S|CS|TAMS 0x0000000766200000, 0x0000000766200000| Complete 
| 159|0x0000000766400000, 0x0000000766600000, 0x0000000766600000|100%| S|CS|TAMS 0x0000000766400000, 0x0000000766400000| Complete 
| 160|0x0000000766600000, 0x0000000766800000, 0x0000000766800000|100%| S|CS|TAMS 0x0000000766600000, 0x0000000766600000| Complete 
| 161|0x0000000766800000, 0x0000000766a00000, 0x0000000766a00000|100%| S|CS|TAMS 0x0000000766800000, 0x0000000766800000| Complete 
| 162|0x0000000766a00000, 0x0000000766c00000, 0x0000000766c00000|100%| S|CS|TAMS 0x0000000766a00000, 0x0000000766a00000| Complete 
| 163|0x0000000766c00000, 0x0000000766c00000, 0x0000000766e00000|  0%| F|  |TAMS 0x0000000766c00000, 0x0000000766c00000| Untracked 
| 164|0x0000000766e00000, 0x0000000766e00000, 0x0000000767000000|  0%| F|  |TAMS 0x0000000766e00000, 0x0000000766e00000| Untracked 
| 165|0x0000000767000000, 0x0000000767000000, 0x0000000767200000|  0%| F|  |TAMS 0x0000000767000000, 0x0000000767000000| Untracked 
| 166|0x0000000767200000, 0x0000000767200000, 0x0000000767400000|  0%| F|  |TAMS 0x0000000767200000, 0x0000000767200000| Untracked 
| 167|0x0000000767400000, 0x0000000767400000, 0x0000000767600000|  0%| F|  |TAMS 0x0000000767400000, 0x0000000767400000| Untracked 
| 168|0x0000000767600000, 0x0000000767600000, 0x0000000767800000|  0%| F|  |TAMS 0x0000000767600000, 0x0000000767600000| Untracked 
| 169|0x0000000767800000, 0x0000000767800000, 0x0000000767a00000|  0%| F|  |TAMS 0x0000000767800000, 0x0000000767800000| Untracked 
| 170|0x0000000767a00000, 0x0000000767a00000, 0x0000000767c00000|  0%| F|  |TAMS 0x0000000767a00000, 0x0000000767a00000| Untracked 
| 171|0x0000000767c00000, 0x0000000767c00000, 0x0000000767e00000|  0%| F|  |TAMS 0x0000000767c00000, 0x0000000767c00000| Untracked 
| 172|0x0000000767e00000, 0x0000000767e00000, 0x0000000768000000|  0%| F|  |TAMS 0x0000000767e00000, 0x0000000767e00000| Untracked 
| 173|0x0000000768000000, 0x0000000768000000, 0x0000000768200000|  0%| F|  |TAMS 0x0000000768000000, 0x0000000768000000| Untracked 
| 174|0x0000000768200000, 0x0000000768200000, 0x0000000768400000|  0%| F|  |TAMS 0x0000000768200000, 0x0000000768200000| Untracked 
| 175|0x0000000768400000, 0x0000000768400000, 0x0000000768600000|  0%| F|  |TAMS 0x0000000768400000, 0x0000000768400000| Untracked 
| 176|0x0000000768600000, 0x0000000768600000, 0x0000000768800000|  0%| F|  |TAMS 0x0000000768600000, 0x0000000768600000| Untracked 
| 177|0x0000000768800000, 0x0000000768800000, 0x0000000768a00000|  0%| F|  |TAMS 0x0000000768800000, 0x0000000768800000| Untracked 
| 178|0x0000000768a00000, 0x0000000768a00000, 0x0000000768c00000|  0%| F|  |TAMS 0x0000000768a00000, 0x0000000768a00000| Untracked 
| 179|0x0000000768c00000, 0x0000000768c00000, 0x0000000768e00000|  0%| F|  |TAMS 0x0000000768c00000, 0x0000000768c00000| Untracked 
| 180|0x0000000768e00000, 0x0000000768e00000, 0x0000000769000000|  0%| F|  |TAMS 0x0000000768e00000, 0x0000000768e00000| Untracked 
| 181|0x0000000769000000, 0x0000000769000000, 0x0000000769200000|  0%| F|  |TAMS 0x0000000769000000, 0x0000000769000000| Untracked 
| 182|0x0000000769200000, 0x0000000769200000, 0x0000000769400000|  0%| F|  |TAMS 0x0000000769200000, 0x0000000769200000| Untracked 
| 183|0x0000000769400000, 0x0000000769400000, 0x0000000769600000|  0%| F|  |TAMS 0x0000000769400000, 0x0000000769400000| Untracked 
| 184|0x0000000769600000, 0x0000000769600000, 0x0000000769800000|  0%| F|  |TAMS 0x0000000769600000, 0x0000000769600000| Untracked 
| 185|0x0000000769800000, 0x0000000769800000, 0x0000000769a00000|  0%| F|  |TAMS 0x0000000769800000, 0x0000000769800000| Untracked 
| 186|0x0000000769a00000, 0x0000000769a00000, 0x0000000769c00000|  0%| F|  |TAMS 0x0000000769a00000, 0x0000000769a00000| Untracked 
| 187|0x0000000769c00000, 0x0000000769c00000, 0x0000000769e00000|  0%| F|  |TAMS 0x0000000769c00000, 0x0000000769c00000| Untracked 
| 188|0x0000000769e00000, 0x0000000769e00000, 0x000000076a000000|  0%| F|  |TAMS 0x0000000769e00000, 0x0000000769e00000| Untracked 
| 189|0x000000076a000000, 0x000000076a000000, 0x000000076a200000|  0%| F|  |TAMS 0x000000076a000000, 0x000000076a000000| Untracked 
| 190|0x000000076a200000, 0x000000076a200000, 0x000000076a400000|  0%| F|  |TAMS 0x000000076a200000, 0x000000076a200000| Untracked 
| 191|0x000000076a400000, 0x000000076a400000, 0x000000076a600000|  0%| F|  |TAMS 0x000000076a400000, 0x000000076a400000| Untracked 
| 192|0x000000076a600000, 0x000000076a600000, 0x000000076a800000|  0%| F|  |TAMS 0x000000076a600000, 0x000000076a600000| Untracked 
| 193|0x000000076a800000, 0x000000076a800000, 0x000000076aa00000|  0%| F|  |TAMS 0x000000076a800000, 0x000000076a800000| Untracked 
| 194|0x000000076aa00000, 0x000000076aa00000, 0x000000076ac00000|  0%| F|  |TAMS 0x000000076aa00000, 0x000000076aa00000| Untracked 
| 195|0x000000076ac00000, 0x000000076ac00000, 0x000000076ae00000|  0%| F|  |TAMS 0x000000076ac00000, 0x000000076ac00000| Untracked 
| 196|0x000000076ae00000, 0x000000076ae00000, 0x000000076b000000|  0%| F|  |TAMS 0x000000076ae00000, 0x000000076ae00000| Untracked 
| 197|0x000000076b000000, 0x000000076b000000, 0x000000076b200000|  0%| F|  |TAMS 0x000000076b000000, 0x000000076b000000| Untracked 
| 198|0x000000076b200000, 0x000000076b200000, 0x000000076b400000|  0%| F|  |TAMS 0x000000076b200000, 0x000000076b200000| Untracked 
| 199|0x000000076b400000, 0x000000076b400000, 0x000000076b600000|  0%| F|  |TAMS 0x000000076b400000, 0x000000076b400000| Untracked 
| 200|0x000000076b600000, 0x000000076b600000, 0x000000076b800000|  0%| F|  |TAMS 0x000000076b600000, 0x000000076b600000| Untracked 
| 201|0x000000076b800000, 0x000000076b800000, 0x000000076ba00000|  0%| F|  |TAMS 0x000000076b800000, 0x000000076b800000| Untracked 
| 202|0x000000076ba00000, 0x000000076ba00000, 0x000000076bc00000|  0%| F|  |TAMS 0x000000076ba00000, 0x000000076ba00000| Untracked 
| 203|0x000000076bc00000, 0x000000076bc00000, 0x000000076be00000|  0%| F|  |TAMS 0x000000076bc00000, 0x000000076bc00000| Untracked 
| 204|0x000000076be00000, 0x000000076be00000, 0x000000076c000000|  0%| F|  |TAMS 0x000000076be00000, 0x000000076be00000| Untracked 
| 205|0x000000076c000000, 0x000000076c000000, 0x000000076c200000|  0%| F|  |TAMS 0x000000076c000000, 0x000000076c000000| Untracked 
| 206|0x000000076c200000, 0x000000076c200000, 0x000000076c400000|  0%| F|  |TAMS 0x000000076c200000, 0x000000076c200000| Untracked 
| 207|0x000000076c400000, 0x000000076c400000, 0x000000076c600000|  0%| F|  |TAMS 0x000000076c400000, 0x000000076c400000| Untracked 
| 208|0x000000076c600000, 0x000000076c600000, 0x000000076c800000|  0%| F|  |TAMS 0x000000076c600000, 0x000000076c600000| Untracked 
| 209|0x000000076c800000, 0x000000076c800000, 0x000000076ca00000|  0%| F|  |TAMS 0x000000076c800000, 0x000000076c800000| Untracked 
| 210|0x000000076ca00000, 0x000000076ca00000, 0x000000076cc00000|  0%| F|  |TAMS 0x000000076ca00000, 0x000000076ca00000| Untracked 
| 211|0x000000076cc00000, 0x000000076cc00000, 0x000000076ce00000|  0%| F|  |TAMS 0x000000076cc00000, 0x000000076cc00000| Untracked 
| 212|0x000000076ce00000, 0x000000076ce00000, 0x000000076d000000|  0%| F|  |TAMS 0x000000076ce00000, 0x000000076ce00000| Untracked 
| 213|0x000000076d000000, 0x000000076d000000, 0x000000076d200000|  0%| F|  |TAMS 0x000000076d000000, 0x000000076d000000| Untracked 
| 214|0x000000076d200000, 0x000000076d200000, 0x000000076d400000|  0%| F|  |TAMS 0x000000076d200000, 0x000000076d200000| Untracked 
| 215|0x000000076d400000, 0x000000076d400000, 0x000000076d600000|  0%| F|  |TAMS 0x000000076d400000, 0x000000076d400000| Untracked 
| 216|0x000000076d600000, 0x000000076d600000, 0x000000076d800000|  0%| F|  |TAMS 0x000000076d600000, 0x000000076d600000| Untracked 
| 217|0x000000076d800000, 0x000000076d800000, 0x000000076da00000|  0%| F|  |TAMS 0x000000076d800000, 0x000000076d800000| Untracked 
| 218|0x000000076da00000, 0x000000076da00000, 0x000000076dc00000|  0%| F|  |TAMS 0x000000076da00000, 0x000000076da00000| Untracked 
| 219|0x000000076dc00000, 0x000000076dc00000, 0x000000076de00000|  0%| F|  |TAMS 0x000000076dc00000, 0x000000076dc00000| Untracked 
| 220|0x000000076de00000, 0x000000076de00000, 0x000000076e000000|  0%| F|  |TAMS 0x000000076de00000, 0x000000076de00000| Untracked 
| 221|0x000000076e000000, 0x000000076e000000, 0x000000076e200000|  0%| F|  |TAMS 0x000000076e000000, 0x000000076e000000| Untracked 
| 222|0x000000076e200000, 0x000000076e200000, 0x000000076e400000|  0%| F|  |TAMS 0x000000076e200000, 0x000000076e200000| Untracked 
| 223|0x000000076e400000, 0x000000076e400000, 0x000000076e600000|  0%| F|  |TAMS 0x000000076e400000, 0x000000076e400000| Untracked 
| 224|0x000000076e600000, 0x000000076e600000, 0x000000076e800000|  0%| F|  |TAMS 0x000000076e600000, 0x000000076e600000| Untracked 
| 225|0x000000076e800000, 0x000000076e800000, 0x000000076ea00000|  0%| F|  |TAMS 0x000000076e800000, 0x000000076e800000| Untracked 
| 226|0x000000076ea00000, 0x000000076ea00000, 0x000000076ec00000|  0%| F|  |TAMS 0x000000076ea00000, 0x000000076ea00000| Untracked 
| 227|0x000000076ec00000, 0x000000076ec00000, 0x000000076ee00000|  0%| F|  |TAMS 0x000000076ec00000, 0x000000076ec00000| Untracked 
| 228|0x000000076ee00000, 0x000000076ee00000, 0x000000076f000000|  0%| F|  |TAMS 0x000000076ee00000, 0x000000076ee00000| Untracked 
| 229|0x000000076f000000, 0x000000076f000000, 0x000000076f200000|  0%| F|  |TAMS 0x000000076f000000, 0x000000076f000000| Untracked 
| 230|0x000000076f200000, 0x000000076f200000, 0x000000076f400000|  0%| F|  |TAMS 0x000000076f200000, 0x000000076f200000| Untracked 
| 231|0x000000076f400000, 0x000000076f400000, 0x000000076f600000|  0%| F|  |TAMS 0x000000076f400000, 0x000000076f400000| Untracked 
| 232|0x000000076f600000, 0x000000076f600000, 0x000000076f800000|  0%| F|  |TAMS 0x000000076f600000, 0x000000076f600000| Untracked 
| 233|0x000000076f800000, 0x000000076f800000, 0x000000076fa00000|  0%| F|  |TAMS 0x000000076f800000, 0x000000076f800000| Untracked 
| 234|0x000000076fa00000, 0x000000076fa00000, 0x000000076fc00000|  0%| F|  |TAMS 0x000000076fa00000, 0x000000076fa00000| Untracked 
| 235|0x000000076fc00000, 0x000000076fc00000, 0x000000076fe00000|  0%| F|  |TAMS 0x000000076fc00000, 0x000000076fc00000| Untracked 
| 236|0x000000076fe00000, 0x000000076fe00000, 0x0000000770000000|  0%| F|  |TAMS 0x000000076fe00000, 0x000000076fe00000| Untracked 
| 237|0x0000000770000000, 0x0000000770000000, 0x0000000770200000|  0%| F|  |TAMS 0x0000000770000000, 0x0000000770000000| Untracked 
| 238|0x0000000770200000, 0x0000000770200000, 0x0000000770400000|  0%| F|  |TAMS 0x0000000770200000, 0x0000000770200000| Untracked 
| 239|0x0000000770400000, 0x0000000770400000, 0x0000000770600000|  0%| F|  |TAMS 0x0000000770400000, 0x0000000770400000| Untracked 
| 240|0x0000000770600000, 0x0000000770600000, 0x0000000770800000|  0%| F|  |TAMS 0x0000000770600000, 0x0000000770600000| Untracked 
| 241|0x0000000770800000, 0x0000000770800000, 0x0000000770a00000|  0%| F|  |TAMS 0x0000000770800000, 0x0000000770800000| Untracked 
| 242|0x0000000770a00000, 0x0000000770a00000, 0x0000000770c00000|  0%| F|  |TAMS 0x0000000770a00000, 0x0000000770a00000| Untracked 
| 243|0x0000000770c00000, 0x0000000770c00000, 0x0000000770e00000|  0%| F|  |TAMS 0x0000000770c00000, 0x0000000770c00000| Untracked 
| 244|0x0000000770e00000, 0x0000000770e00000, 0x0000000771000000|  0%| F|  |TAMS 0x0000000770e00000, 0x0000000770e00000| Untracked 
| 245|0x0000000771000000, 0x0000000771000000, 0x0000000771200000|  0%| F|  |TAMS 0x0000000771000000, 0x0000000771000000| Untracked 
| 246|0x0000000771200000, 0x0000000771200000, 0x0000000771400000|  0%| F|  |TAMS 0x0000000771200000, 0x0000000771200000| Untracked 
| 247|0x0000000771400000, 0x0000000771400000, 0x0000000771600000|  0%| F|  |TAMS 0x0000000771400000, 0x0000000771400000| Untracked 
| 248|0x0000000771600000, 0x0000000771600000, 0x0000000771800000|  0%| F|  |TAMS 0x0000000771600000, 0x0000000771600000| Untracked 
| 249|0x0000000771800000, 0x0000000771800000, 0x0000000771a00000|  0%| F|  |TAMS 0x0000000771800000, 0x0000000771800000| Untracked 
| 250|0x0000000771a00000, 0x0000000771a00000, 0x0000000771c00000|  0%| F|  |TAMS 0x0000000771a00000, 0x0000000771a00000| Untracked 
| 251|0x0000000771c00000, 0x0000000771c00000, 0x0000000771e00000|  0%| F|  |TAMS 0x0000000771c00000, 0x0000000771c00000| Untracked 
| 252|0x0000000771e00000, 0x0000000771e00000, 0x0000000772000000|  0%| F|  |TAMS 0x0000000771e00000, 0x0000000771e00000| Untracked 
| 253|0x0000000772000000, 0x0000000772000000, 0x0000000772200000|  0%| F|  |TAMS 0x0000000772000000, 0x0000000772000000| Untracked 
| 254|0x0000000772200000, 0x0000000772200000, 0x0000000772400000|  0%| F|  |TAMS 0x0000000772200000, 0x0000000772200000| Untracked 
| 255|0x0000000772400000, 0x0000000772400000, 0x0000000772600000|  0%| F|  |TAMS 0x0000000772400000, 0x0000000772400000| Untracked 
| 256|0x0000000772600000, 0x0000000772600000, 0x0000000772800000|  0%| F|  |TAMS 0x0000000772600000, 0x0000000772600000| Untracked 
| 257|0x0000000772800000, 0x0000000772800000, 0x0000000772a00000|  0%| F|  |TAMS 0x0000000772800000, 0x0000000772800000| Untracked 
| 258|0x0000000772a00000, 0x0000000772a00000, 0x0000000772c00000|  0%| F|  |TAMS 0x0000000772a00000, 0x0000000772a00000| Untracked 
| 259|0x0000000772c00000, 0x0000000772c00000, 0x0000000772e00000|  0%| F|  |TAMS 0x0000000772c00000, 0x0000000772c00000| Untracked 
| 260|0x0000000772e00000, 0x0000000772e00000, 0x0000000773000000|  0%| F|  |TAMS 0x0000000772e00000, 0x0000000772e00000| Untracked 
| 261|0x0000000773000000, 0x0000000773000000, 0x0000000773200000|  0%| F|  |TAMS 0x0000000773000000, 0x0000000773000000| Untracked 
| 262|0x0000000773200000, 0x0000000773200000, 0x0000000773400000|  0%| F|  |TAMS 0x0000000773200000, 0x0000000773200000| Untracked 
| 263|0x0000000773400000, 0x0000000773400000, 0x0000000773600000|  0%| F|  |TAMS 0x0000000773400000, 0x0000000773400000| Untracked 
| 264|0x0000000773600000, 0x0000000773600000, 0x0000000773800000|  0%| F|  |TAMS 0x0000000773600000, 0x0000000773600000| Untracked 
| 265|0x0000000773800000, 0x0000000773800000, 0x0000000773a00000|  0%| F|  |TAMS 0x0000000773800000, 0x0000000773800000| Untracked 
| 266|0x0000000773a00000, 0x0000000773a00000, 0x0000000773c00000|  0%| F|  |TAMS 0x0000000773a00000, 0x0000000773a00000| Untracked 
| 267|0x0000000773c00000, 0x0000000773c00000, 0x0000000773e00000|  0%| F|  |TAMS 0x0000000773c00000, 0x0000000773c00000| Untracked 
| 268|0x0000000773e00000, 0x0000000773e00000, 0x0000000774000000|  0%| F|  |TAMS 0x0000000773e00000, 0x0000000773e00000| Untracked 
| 269|0x0000000774000000, 0x0000000774000000, 0x0000000774200000|  0%| F|  |TAMS 0x0000000774000000, 0x0000000774000000| Untracked 
| 270|0x0000000774200000, 0x0000000774200000, 0x0000000774400000|  0%| F|  |TAMS 0x0000000774200000, 0x0000000774200000| Untracked 
| 271|0x0000000774400000, 0x0000000774400000, 0x0000000774600000|  0%| F|  |TAMS 0x0000000774400000, 0x0000000774400000| Untracked 
| 272|0x0000000774600000, 0x0000000774600000, 0x0000000774800000|  0%| F|  |TAMS 0x0000000774600000, 0x0000000774600000| Untracked 
| 273|0x0000000774800000, 0x0000000774800000, 0x0000000774a00000|  0%| F|  |TAMS 0x0000000774800000, 0x0000000774800000| Untracked 
| 274|0x0000000774a00000, 0x0000000774a00000, 0x0000000774c00000|  0%| F|  |TAMS 0x0000000774a00000, 0x0000000774a00000| Untracked 
| 275|0x0000000774c00000, 0x0000000774c00000, 0x0000000774e00000|  0%| F|  |TAMS 0x0000000774c00000, 0x0000000774c00000| Untracked 
| 276|0x0000000774e00000, 0x0000000774e00000, 0x0000000775000000|  0%| F|  |TAMS 0x0000000774e00000, 0x0000000774e00000| Untracked 
| 277|0x0000000775000000, 0x0000000775000000, 0x0000000775200000|  0%| F|  |TAMS 0x0000000775000000, 0x0000000775000000| Untracked 
| 278|0x0000000775200000, 0x0000000775200000, 0x0000000775400000|  0%| F|  |TAMS 0x0000000775200000, 0x0000000775200000| Untracked 
| 279|0x0000000775400000, 0x0000000775400000, 0x0000000775600000|  0%| F|  |TAMS 0x0000000775400000, 0x0000000775400000| Untracked 
| 280|0x0000000775600000, 0x0000000775600000, 0x0000000775800000|  0%| F|  |TAMS 0x0000000775600000, 0x0000000775600000| Untracked 
| 281|0x0000000775800000, 0x0000000775800000, 0x0000000775a00000|  0%| F|  |TAMS 0x0000000775800000, 0x0000000775800000| Untracked 
| 282|0x0000000775a00000, 0x0000000775a00000, 0x0000000775c00000|  0%| F|  |TAMS 0x0000000775a00000, 0x0000000775a00000| Untracked 
| 283|0x0000000775c00000, 0x0000000775c00000, 0x0000000775e00000|  0%| F|  |TAMS 0x0000000775c00000, 0x0000000775c00000| Untracked 
| 284|0x0000000775e00000, 0x0000000775e00000, 0x0000000776000000|  0%| F|  |TAMS 0x0000000775e00000, 0x0000000775e00000| Untracked 
| 285|0x0000000776000000, 0x0000000776000000, 0x0000000776200000|  0%| F|  |TAMS 0x0000000776000000, 0x0000000776000000| Untracked 
| 286|0x0000000776200000, 0x0000000776200000, 0x0000000776400000|  0%| F|  |TAMS 0x0000000776200000, 0x0000000776200000| Untracked 
| 287|0x0000000776400000, 0x0000000776400000, 0x0000000776600000|  0%| F|  |TAMS 0x0000000776400000, 0x0000000776400000| Untracked 
| 288|0x0000000776600000, 0x0000000776600000, 0x0000000776800000|  0%| F|  |TAMS 0x0000000776600000, 0x0000000776600000| Untracked 
| 289|0x0000000776800000, 0x0000000776800000, 0x0000000776a00000|  0%| F|  |TAMS 0x0000000776800000, 0x0000000776800000| Untracked 
| 290|0x0000000776a00000, 0x0000000776a00000, 0x0000000776c00000|  0%| F|  |TAMS 0x0000000776a00000, 0x0000000776a00000| Untracked 
| 291|0x0000000776c00000, 0x0000000776c00000, 0x0000000776e00000|  0%| F|  |TAMS 0x0000000776c00000, 0x0000000776c00000| Untracked 
| 292|0x0000000776e00000, 0x0000000776e00000, 0x0000000777000000|  0%| F|  |TAMS 0x0000000776e00000, 0x0000000776e00000| Untracked 
| 293|0x0000000777000000, 0x0000000777000000, 0x0000000777200000|  0%| F|  |TAMS 0x0000000777000000, 0x0000000777000000| Untracked 
| 294|0x0000000777200000, 0x0000000777200000, 0x0000000777400000|  0%| F|  |TAMS 0x0000000777200000, 0x0000000777200000| Untracked 
| 295|0x0000000777400000, 0x0000000777400000, 0x0000000777600000|  0%| F|  |TAMS 0x0000000777400000, 0x0000000777400000| Untracked 
| 296|0x0000000777600000, 0x0000000777600000, 0x0000000777800000|  0%| F|  |TAMS 0x0000000777600000, 0x0000000777600000| Untracked 
| 297|0x0000000777800000, 0x0000000777800000, 0x0000000777a00000|  0%| F|  |TAMS 0x0000000777800000, 0x0000000777800000| Untracked 
| 298|0x0000000777a00000, 0x0000000777a00000, 0x0000000777c00000|  0%| F|  |TAMS 0x0000000777a00000, 0x0000000777a00000| Untracked 
| 299|0x0000000777c00000, 0x0000000777c00000, 0x0000000777e00000|  0%| F|  |TAMS 0x0000000777c00000, 0x0000000777c00000| Untracked 
| 300|0x0000000777e00000, 0x0000000777e00000, 0x0000000778000000|  0%| F|  |TAMS 0x0000000777e00000, 0x0000000777e00000| Untracked 
| 301|0x0000000778000000, 0x0000000778000000, 0x0000000778200000|  0%| F|  |TAMS 0x0000000778000000, 0x0000000778000000| Untracked 
| 302|0x0000000778200000, 0x0000000778200000, 0x0000000778400000|  0%| F|  |TAMS 0x0000000778200000, 0x0000000778200000| Untracked 
| 303|0x0000000778400000, 0x0000000778400000, 0x0000000778600000|  0%| F|  |TAMS 0x0000000778400000, 0x0000000778400000| Untracked 
| 304|0x0000000778600000, 0x0000000778600000, 0x0000000778800000|  0%| F|  |TAMS 0x0000000778600000, 0x0000000778600000| Untracked 
| 305|0x0000000778800000, 0x0000000778800000, 0x0000000778a00000|  0%| F|  |TAMS 0x0000000778800000, 0x0000000778800000| Untracked 
| 306|0x0000000778a00000, 0x0000000778a00000, 0x0000000778c00000|  0%| F|  |TAMS 0x0000000778a00000, 0x0000000778a00000| Untracked 
| 307|0x0000000778c00000, 0x0000000778c00000, 0x0000000778e00000|  0%| F|  |TAMS 0x0000000778c00000, 0x0000000778c00000| Untracked 
| 308|0x0000000778e00000, 0x0000000778e00000, 0x0000000779000000|  0%| F|  |TAMS 0x0000000778e00000, 0x0000000778e00000| Untracked 
| 309|0x0000000779000000, 0x0000000779000000, 0x0000000779200000|  0%| F|  |TAMS 0x0000000779000000, 0x0000000779000000| Untracked 
| 310|0x0000000779200000, 0x0000000779200000, 0x0000000779400000|  0%| F|  |TAMS 0x0000000779200000, 0x0000000779200000| Untracked 
| 311|0x0000000779400000, 0x0000000779400000, 0x0000000779600000|  0%| F|  |TAMS 0x0000000779400000, 0x0000000779400000| Untracked 
| 312|0x0000000779600000, 0x0000000779600000, 0x0000000779800000|  0%| F|  |TAMS 0x0000000779600000, 0x0000000779600000| Untracked 
| 313|0x0000000779800000, 0x0000000779800000, 0x0000000779a00000|  0%| F|  |TAMS 0x0000000779800000, 0x0000000779800000| Untracked 
| 314|0x0000000779a00000, 0x0000000779a00000, 0x0000000779c00000|  0%| F|  |TAMS 0x0000000779a00000, 0x0000000779a00000| Untracked 
| 315|0x0000000779c00000, 0x0000000779c00000, 0x0000000779e00000|  0%| F|  |TAMS 0x0000000779c00000, 0x0000000779c00000| Untracked 
| 316|0x0000000779e00000, 0x0000000779e00000, 0x000000077a000000|  0%| F|  |TAMS 0x0000000779e00000, 0x0000000779e00000| Untracked 
| 317|0x000000077a000000, 0x000000077a000000, 0x000000077a200000|  0%| F|  |TAMS 0x000000077a000000, 0x000000077a000000| Untracked 
| 318|0x000000077a200000, 0x000000077a200000, 0x000000077a400000|  0%| F|  |TAMS 0x000000077a200000, 0x000000077a200000| Untracked 
| 319|0x000000077a400000, 0x000000077a400000, 0x000000077a600000|  0%| F|  |TAMS 0x000000077a400000, 0x000000077a400000| Untracked 
| 320|0x000000077a600000, 0x000000077a600000, 0x000000077a800000|  0%| F|  |TAMS 0x000000077a600000, 0x000000077a600000| Untracked 
| 321|0x000000077a800000, 0x000000077a800000, 0x000000077aa00000|  0%| F|  |TAMS 0x000000077a800000, 0x000000077a800000| Untracked 
| 322|0x000000077aa00000, 0x000000077aa00000, 0x000000077ac00000|  0%| F|  |TAMS 0x000000077aa00000, 0x000000077aa00000| Untracked 
| 323|0x000000077ac00000, 0x000000077ac00000, 0x000000077ae00000|  0%| F|  |TAMS 0x000000077ac00000, 0x000000077ac00000| Untracked 
| 324|0x000000077ae00000, 0x000000077ae00000, 0x000000077b000000|  0%| F|  |TAMS 0x000000077ae00000, 0x000000077ae00000| Untracked 
| 325|0x000000077b000000, 0x000000077b000000, 0x000000077b200000|  0%| F|  |TAMS 0x000000077b000000, 0x000000077b000000| Untracked 
| 326|0x000000077b200000, 0x000000077b200000, 0x000000077b400000|  0%| F|  |TAMS 0x000000077b200000, 0x000000077b200000| Untracked 
| 327|0x000000077b400000, 0x000000077b400000, 0x000000077b600000|  0%| F|  |TAMS 0x000000077b400000, 0x000000077b400000| Untracked 
| 328|0x000000077b600000, 0x000000077b600000, 0x000000077b800000|  0%| F|  |TAMS 0x000000077b600000, 0x000000077b600000| Untracked 
| 329|0x000000077b800000, 0x000000077b800000, 0x000000077ba00000|  0%| F|  |TAMS 0x000000077b800000, 0x000000077b800000| Untracked 
| 330|0x000000077ba00000, 0x000000077ba00000, 0x000000077bc00000|  0%| F|  |TAMS 0x000000077ba00000, 0x000000077ba00000| Untracked 
| 331|0x000000077bc00000, 0x000000077bc00000, 0x000000077be00000|  0%| F|  |TAMS 0x000000077bc00000, 0x000000077bc00000| Untracked 
| 332|0x000000077be00000, 0x000000077be00000, 0x000000077c000000|  0%| F|  |TAMS 0x000000077be00000, 0x000000077be00000| Untracked 
| 333|0x000000077c000000, 0x000000077c000000, 0x000000077c200000|  0%| F|  |TAMS 0x000000077c000000, 0x000000077c000000| Untracked 
| 334|0x000000077c200000, 0x000000077c200000, 0x000000077c400000|  0%| F|  |TAMS 0x000000077c200000, 0x000000077c200000| Untracked 
| 335|0x000000077c400000, 0x000000077c400000, 0x000000077c600000|  0%| F|  |TAMS 0x000000077c400000, 0x000000077c400000| Untracked 
| 336|0x000000077c600000, 0x000000077c600000, 0x000000077c800000|  0%| F|  |TAMS 0x000000077c600000, 0x000000077c600000| Untracked 
| 337|0x000000077c800000, 0x000000077c800000, 0x000000077ca00000|  0%| F|  |TAMS 0x000000077c800000, 0x000000077c800000| Untracked 
| 338|0x000000077ca00000, 0x000000077ca00000, 0x000000077cc00000|  0%| F|  |TAMS 0x000000077ca00000, 0x000000077ca00000| Untracked 
| 339|0x000000077cc00000, 0x000000077cc00000, 0x000000077ce00000|  0%| F|  |TAMS 0x000000077cc00000, 0x000000077cc00000| Untracked 
| 340|0x000000077ce00000, 0x000000077ce00000, 0x000000077d000000|  0%| F|  |TAMS 0x000000077ce00000, 0x000000077ce00000| Untracked 
| 341|0x000000077d000000, 0x000000077d000000, 0x000000077d200000|  0%| F|  |TAMS 0x000000077d000000, 0x000000077d000000| Untracked 
| 342|0x000000077d200000, 0x000000077d200000, 0x000000077d400000|  0%| F|  |TAMS 0x000000077d200000, 0x000000077d200000| Untracked 
| 343|0x000000077d400000, 0x000000077d400000, 0x000000077d600000|  0%| F|  |TAMS 0x000000077d400000, 0x000000077d400000| Untracked 
| 344|0x000000077d600000, 0x000000077d600000, 0x000000077d800000|  0%| F|  |TAMS 0x000000077d600000, 0x000000077d600000| Untracked 
| 345|0x000000077d800000, 0x000000077d800000, 0x000000077da00000|  0%| F|  |TAMS 0x000000077d800000, 0x000000077d800000| Untracked 
| 346|0x000000077da00000, 0x000000077da00000, 0x000000077dc00000|  0%| F|  |TAMS 0x000000077da00000, 0x000000077da00000| Untracked 
| 347|0x000000077dc00000, 0x000000077dc00000, 0x000000077de00000|  0%| F|  |TAMS 0x000000077dc00000, 0x000000077dc00000| Untracked 
| 348|0x000000077de00000, 0x000000077de00000, 0x000000077e000000|  0%| F|  |TAMS 0x000000077de00000, 0x000000077de00000| Untracked 
| 349|0x000000077e000000, 0x000000077e000000, 0x000000077e200000|  0%| F|  |TAMS 0x000000077e000000, 0x000000077e000000| Untracked 
| 350|0x000000077e200000, 0x000000077e200000, 0x000000077e400000|  0%| F|  |TAMS 0x000000077e200000, 0x000000077e200000| Untracked 
| 351|0x000000077e400000, 0x000000077e400000, 0x000000077e600000|  0%| F|  |TAMS 0x000000077e400000, 0x000000077e400000| Untracked 
| 352|0x000000077e600000, 0x000000077e600000, 0x000000077e800000|  0%| F|  |TAMS 0x000000077e600000, 0x000000077e600000| Untracked 
| 353|0x000000077e800000, 0x000000077e800000, 0x000000077ea00000|  0%| F|  |TAMS 0x000000077e800000, 0x000000077e800000| Untracked 
| 354|0x000000077ea00000, 0x000000077ea00000, 0x000000077ec00000|  0%| F|  |TAMS 0x000000077ea00000, 0x000000077ea00000| Untracked 
| 355|0x000000077ec00000, 0x000000077ec00000, 0x000000077ee00000|  0%| F|  |TAMS 0x000000077ec00000, 0x000000077ec00000| Untracked 
| 356|0x000000077ee00000, 0x000000077ee00000, 0x000000077f000000|  0%| F|  |TAMS 0x000000077ee00000, 0x000000077ee00000| Untracked 
| 357|0x000000077f000000, 0x000000077f000000, 0x000000077f200000|  0%| F|  |TAMS 0x000000077f000000, 0x000000077f000000| Untracked 
| 358|0x000000077f200000, 0x000000077f200000, 0x000000077f400000|  0%| F|  |TAMS 0x000000077f200000, 0x000000077f200000| Untracked 
| 359|0x000000077f400000, 0x000000077f400000, 0x000000077f600000|  0%| F|  |TAMS 0x000000077f400000, 0x000000077f400000| Untracked 
| 360|0x000000077f600000, 0x000000077f600000, 0x000000077f800000|  0%| F|  |TAMS 0x000000077f600000, 0x000000077f600000| Untracked 
| 361|0x000000077f800000, 0x000000077f800000, 0x000000077fa00000|  0%| F|  |TAMS 0x000000077f800000, 0x000000077f800000| Untracked 
| 362|0x000000077fa00000, 0x000000077fa00000, 0x000000077fc00000|  0%| F|  |TAMS 0x000000077fa00000, 0x000000077fa00000| Untracked 
| 363|0x000000077fc00000, 0x000000077fc00000, 0x000000077fe00000|  0%| F|  |TAMS 0x000000077fc00000, 0x000000077fc00000| Untracked 
| 364|0x000000077fe00000, 0x000000077fe00000, 0x0000000780000000|  0%| F|  |TAMS 0x000000077fe00000, 0x000000077fe00000| Untracked 
| 365|0x0000000780000000, 0x0000000780000000, 0x0000000780200000|  0%| F|  |TAMS 0x0000000780000000, 0x0000000780000000| Untracked 
| 366|0x0000000780200000, 0x0000000780200000, 0x0000000780400000|  0%| F|  |TAMS 0x0000000780200000, 0x0000000780200000| Untracked 
| 367|0x0000000780400000, 0x0000000780400000, 0x0000000780600000|  0%| F|  |TAMS 0x0000000780400000, 0x0000000780400000| Untracked 
| 368|0x0000000780600000, 0x0000000780600000, 0x0000000780800000|  0%| F|  |TAMS 0x0000000780600000, 0x0000000780600000| Untracked 
| 369|0x0000000780800000, 0x0000000780800000, 0x0000000780a00000|  0%| F|  |TAMS 0x0000000780800000, 0x0000000780800000| Untracked 
| 370|0x0000000780a00000, 0x0000000780a00000, 0x0000000780c00000|  0%| F|  |TAMS 0x0000000780a00000, 0x0000000780a00000| Untracked 
| 371|0x0000000780c00000, 0x0000000780c00000, 0x0000000780e00000|  0%| F|  |TAMS 0x0000000780c00000, 0x0000000780c00000| Untracked 
| 372|0x0000000780e00000, 0x0000000780e00000, 0x0000000781000000|  0%| F|  |TAMS 0x0000000780e00000, 0x0000000780e00000| Untracked 
| 373|0x0000000781000000, 0x0000000781000000, 0x0000000781200000|  0%| F|  |TAMS 0x0000000781000000, 0x0000000781000000| Untracked 
| 374|0x0000000781200000, 0x0000000781200000, 0x0000000781400000|  0%| F|  |TAMS 0x0000000781200000, 0x0000000781200000| Untracked 
| 375|0x0000000781400000, 0x0000000781400000, 0x0000000781600000|  0%| F|  |TAMS 0x0000000781400000, 0x0000000781400000| Untracked 
| 376|0x0000000781600000, 0x0000000781600000, 0x0000000781800000|  0%| F|  |TAMS 0x0000000781600000, 0x0000000781600000| Untracked 
| 377|0x0000000781800000, 0x0000000781800000, 0x0000000781a00000|  0%| F|  |TAMS 0x0000000781800000, 0x0000000781800000| Untracked 
| 378|0x0000000781a00000, 0x0000000781a00000, 0x0000000781c00000|  0%| F|  |TAMS 0x0000000781a00000, 0x0000000781a00000| Untracked 
| 379|0x0000000781c00000, 0x0000000781c00000, 0x0000000781e00000|  0%| F|  |TAMS 0x0000000781c00000, 0x0000000781c00000| Untracked 

Card table byte_map: [0x000001b1cf360000,0x000001b1cf8d0000] _byte_map_base: 0x000001b1cb8cd000

Marking Bits (Prev, Next): (CMBitMap*) 0x000001b1b7a80330, (CMBitMap*) 0x000001b1b7a802f0
 Prev Bits: [0x000001b1d29b0000, 0x000001b1d5518000)
 Next Bits: [0x000001b1cfe40000, 0x000001b1d29a8000)

Polling page: 0x000001b1b5a00000

Metaspace:

Usage:
  Non-class:     34.26 MB used.
      Class:      5.32 MB used.
       Both:     39.58 MB used.

Virtual space:
  Non-class space:       64.00 MB reserved,      34.50 MB ( 54%) committed,  1 nodes.
      Class space:        1.00 GB reserved,       5.56 MB ( <1%) committed,  1 nodes.
             Both:        1.06 GB reserved,      40.06 MB (  4%) committed. 

Chunk freelists:
   Non-Class:  13.43 MB
       Class:  10.31 MB
        Both:  23.75 MB

MaxMetaspaceSize: unlimited
CompressedClassSpaceSize: 1.00 GB
Initial GC threshold: 21.00 MB
Current GC threshold: 66.50 MB
CDS: on
MetaspaceReclaimPolicy: balanced
 - commit_granule_bytes: 65536.
 - commit_granule_words: 8192.
 - virtual_space_node_default_size: 8388608.
 - enlarge_chunks_in_place: 1.
 - new_chunks_are_fully_committed: 0.
 - uncommit_free_chunks: 1.
 - use_allocation_guard: 0.
 - handle_deallocations: 1.


Internal statistics:

num_allocs_failed_limit: 9.
num_arena_births: 570.
num_arena_deaths: 0.
num_vsnodes_births: 2.
num_vsnodes_deaths: 0.
num_space_committed: 641.
num_space_uncommitted: 0.
num_chunks_returned_to_freelist: 9.
num_chunks_taken_from_freelist: 2106.
num_chunk_merges: 9.
num_chunk_splits: 1470.
num_chunks_enlarged: 1107.
num_inconsistent_stats: 0.

CodeHeap 'non-profiled nmethods': size=119168Kb used=4740Kb max_used=5425Kb free=114427Kb
 bounds [0x000001b1c70f0000, 0x000001b1c7660000, 0x000001b1ce550000]
CodeHeap 'profiled nmethods': size=119104Kb used=12486Kb max_used=13941Kb free=106617Kb
 bounds [0x000001b1bf550000, 0x000001b1c02f0000, 0x000001b1c69a0000]
CodeHeap 'non-nmethods': size=7488Kb used=1790Kb max_used=3013Kb free=5698Kb
 bounds [0x000001b1c69a0000, 0x000001b1c6ca0000, 0x000001b1c70f0000]
 total_blobs=6135 nmethods=5604 adapters=442
 compilation: enabled
              stopped_count=0, restarted_count=0
 full_count=0

Compilation events (20 events):
Event: 11.634 Thread 0x000001b1d792c150 nmethod 6855 0x000001b1bfb9fb90 code [0x000001b1bfb9fd20, 0x000001b1bfb9fe98]
Event: 11.634 Thread 0x000001b1d8726c50 nmethod 6856 0x000001b1c72e2b10 code [0x000001b1c72e2ca0, 0x000001b1c72e2d58]
Event: 11.635 Thread 0x000001b1d8726c50 6857       3       io.github.classgraph.Classfile::readBasicClassInfo (349 bytes)
Event: 11.635 Thread 0x000001b1d792c150 6858       3       nonapi.io.github.classgraph.fileslice.PathSlice::hashCode (5 bytes)
Event: 11.635 Thread 0x000001b1d792c150 nmethod 6858 0x000001b1bfc80f90 code [0x000001b1bfc81120, 0x000001b1bfc81268]
Event: 11.635 Thread 0x000001b1d792c150 6859       3       io.github.classgraph.FieldInfo::<init> (56 bytes)
Event: 11.636 Thread 0x000001b1d792c150 nmethod 6859 0x000001b1bf9da110 code [0x000001b1bf9da2e0, 0x000001b1bf9da708]
Event: 11.638 Thread 0x000001b1d8726c50 nmethod 6857 0x000001b1bf686a10 code [0x000001b1bf686f00, 0x000001b1bf689078]
Event: 11.639 Thread 0x000001b1d8726c50 6860   !   3       java.util.concurrent.ConcurrentHashMap::replaceNode (437 bytes)
Event: 11.639 Thread 0x000001b1d792c150 6861       3       io.github.classgraph.Classfile::readFields (785 bytes)
Event: 11.641 Thread 0x000001b1d8726c50 nmethod 6860 0x000001b1bf8d5310 code [0x000001b1bf8d5660, 0x000001b1bf8d6ed8]
Event: 11.646 Thread 0x000001b1d792c150 nmethod 6861 0x000001b1bfd35c10 code [0x000001b1bfd36480, 0x000001b1bfd3ae88]
Event: 11.649 Thread 0x000001b1d792c150 6862       3       io.github.classgraph.Classfile::getFieldConstantPoolValue (254 bytes)
Event: 11.652 Thread 0x000001b1d792c150 nmethod 6862 0x000001b1bfb6b690 code [0x000001b1bfb6bb00, 0x000001b1bfb6d6e8]
Event: 11.813 Thread 0x000001b1d792c150 6863       3       io.github.classgraph.Classfile::cpReadLong (77 bytes)
Event: 11.813 Thread 0x000001b1d8726c50 6864       3       nonapi.io.github.classgraph.fileslice.reader.ClassfileReader::readLong (155 bytes)
Event: 11.814 Thread 0x000001b1d8726c50 nmethod 6864 0x000001b1bffb6c90 code [0x000001b1bffb6e40, 0x000001b1bffb7188]
Event: 11.814 Thread 0x000001b1d792c150 nmethod 6863 0x000001b1bfe8ec90 code [0x000001b1bfe8ef20, 0x000001b1bfe8f818]
Event: 11.872 Thread 0x000001b2248220a0 nmethod 6721 0x000001b1c7643e90 code [0x000001b1c7644560, 0x000001b1c764b0d8]
Event: 11.875 Thread 0x000001b2248220a0 6738       4       io.github.classgraph.MethodInfo::handleRepeatableAnnotations (186 bytes)

GC Heap History (20 events):
Event: 8.355 GC heap after
{Heap after GC invocations=20 (full 0):
 garbage-first heap   total 475136K, used 84417K [0x0000000752600000, 0x0000000800000000)
  region size 2048K, 7 young (14336K), 7 survivors (14336K)
 Metaspace       used 33309K, committed 33728K, reserved 1114112K
  class space    used 4083K, committed 4288K, reserved 1048576K
}
Event: 8.635 GC heap before
{Heap before GC invocations=20 (full 0):
 garbage-first heap   total 475136K, used 354753K [0x0000000752600000, 0x0000000800000000)
  region size 2048K, 139 young (284672K), 7 survivors (14336K)
 Metaspace       used 33309K, committed 33728K, reserved 1114112K
  class space    used 4083K, committed 4288K, reserved 1048576K
}
Event: 8.651 GC heap after
{Heap after GC invocations=21 (full 0):
 garbage-first heap   total 475136K, used 105215K [0x0000000752600000, 0x0000000800000000)
  region size 2048K, 16 young (32768K), 16 survivors (32768K)
 Metaspace       used 33309K, committed 33728K, reserved 1114112K
  class space    used 4083K, committed 4288K, reserved 1048576K
}
Event: 8.859 GC heap before
{Heap before GC invocations=21 (full 0):
 garbage-first heap   total 475136K, used 355071K [0x0000000752600000, 0x0000000800000000)
  region size 2048K, 139 young (284672K), 16 survivors (32768K)
 Metaspace       used 33309K, committed 33728K, reserved 1114112K
  class space    used 4083K, committed 4288K, reserved 1048576K
}
Event: 8.881 GC heap after
{Heap after GC invocations=22 (full 0):
 garbage-first heap   total 475136K, used 122552K [0x0000000752600000, 0x0000000800000000)
  region size 2048K, 10 young (20480K), 10 survivors (20480K)
 Metaspace       used 33309K, committed 33728K, reserved 1114112K
  class space    used 4083K, committed 4288K, reserved 1048576K
}
Event: 9.606 GC heap before
{Heap before GC invocations=22 (full 0):
 garbage-first heap   total 475136K, used 278200K [0x0000000752600000, 0x0000000800000000)
  region size 2048K, 88 young (180224K), 10 survivors (20480K)
 Metaspace       used 35601K, committed 35968K, reserved 1114112K
  class space    used 4425K, committed 4608K, reserved 1048576K
}
Event: 9.627 GC heap after
{Heap after GC invocations=23 (full 0):
 garbage-first heap   total 475136K, used 134031K [0x0000000752600000, 0x0000000800000000)
  region size 2048K, 15 young (30720K), 15 survivors (30720K)
 Metaspace       used 35601K, committed 35968K, reserved 1114112K
  class space    used 4425K, committed 4608K, reserved 1048576K
}
Event: 10.525 GC heap before
{Heap before GC invocations=24 (full 0):
 garbage-first heap   total 464896K, used 367503K [0x0000000752600000, 0x0000000800000000)
  region size 2048K, 130 young (266240K), 15 survivors (30720K)
 Metaspace       used 40386K, committed 40832K, reserved 1114112K
  class space    used 5415K, committed 5632K, reserved 1048576K
}
Event: 10.557 GC heap after
{Heap after GC invocations=25 (full 0):
 garbage-first heap   total 464896K, used 161856K [0x0000000752600000, 0x0000000800000000)
  region size 2048K, 15 young (30720K), 15 survivors (30720K)
 Metaspace       used 40386K, committed 40832K, reserved 1114112K
  class space    used 5415K, committed 5632K, reserved 1048576K
}
Event: 10.560 GC heap before
{Heap before GC invocations=25 (full 0):
 garbage-first heap   total 464896K, used 161856K [0x0000000752600000, 0x0000000800000000)
  region size 2048K, 16 young (32768K), 15 survivors (30720K)
 Metaspace       used 40386K, committed 40832K, reserved 1114112K
  class space    used 5415K, committed 5632K, reserved 1048576K
}
Event: 10.575 GC heap after
{Heap after GC invocations=26 (full 0):
 garbage-first heap   total 778240K, used 158149K [0x0000000752600000, 0x0000000800000000)
  region size 2048K, 2 young (4096K), 2 survivors (4096K)
 Metaspace       used 40386K, committed 40832K, reserved 1114112K
  class space    used 5415K, committed 5632K, reserved 1048576K
}
Event: 10.888 GC heap before
{Heap before GC invocations=26 (full 0):
 garbage-first heap   total 778240K, used 604613K [0x0000000752600000, 0x0000000800000000)
  region size 2048K, 221 young (452608K), 2 survivors (4096K)
 Metaspace       used 40388K, committed 40832K, reserved 1114112K
  class space    used 5415K, committed 5632K, reserved 1048576K
}
Event: 10.902 GC heap after
{Heap after GC invocations=27 (full 0):
 garbage-first heap   total 778240K, used 182055K [0x0000000752600000, 0x0000000800000000)
  region size 2048K, 14 young (28672K), 14 survivors (28672K)
 Metaspace       used 40388K, committed 40832K, reserved 1114112K
  class space    used 5415K, committed 5632K, reserved 1048576K
}
Event: 11.140 GC heap before
{Heap before GC invocations=28 (full 0):
 garbage-first heap   total 628736K, used 546599K [0x0000000752600000, 0x0000000800000000)
  region size 2048K, 216 young (442368K), 14 survivors (28672K)
 Metaspace       used 40388K, committed 40832K, reserved 1114112K
  class space    used 5415K, committed 5632K, reserved 1048576K
}
Event: 11.161 GC heap after
{Heap after GC invocations=29 (full 0):
 garbage-first heap   total 628736K, used 162245K [0x0000000752600000, 0x0000000800000000)
  region size 2048K, 27 young (55296K), 27 survivors (55296K)
 Metaspace       used 40388K, committed 40832K, reserved 1114112K
  class space    used 5415K, committed 5632K, reserved 1048576K
}
Event: 11.162 GC heap before
{Heap before GC invocations=29 (full 0):
 garbage-first heap   total 628736K, used 162245K [0x0000000752600000, 0x0000000800000000)
  region size 2048K, 28 young (57344K), 27 survivors (55296K)
 Metaspace       used 40388K, committed 40832K, reserved 1114112K
  class space    used 5415K, committed 5632K, reserved 1048576K
}
Event: 11.180 GC heap after
{Heap after GC invocations=30 (full 0):
 garbage-first heap   total 628736K, used 146599K [0x0000000752600000, 0x0000000800000000)
  region size 2048K, 4 young (8192K), 4 survivors (8192K)
 Metaspace       used 40388K, committed 40832K, reserved 1114112K
  class space    used 5415K, committed 5632K, reserved 1048576K
}
Event: 11.659 GC heap before
{Heap before GC invocations=30 (full 0):
 garbage-first heap   total 628736K, used 484519K [0x0000000752600000, 0x0000000800000000)
  region size 2048K, 170 young (348160K), 4 survivors (8192K)
 Metaspace       used 40531K, committed 41024K, reserved 1114112K
  class space    used 5449K, committed 5696K, reserved 1048576K
}
Event: 11.683 GC heap after
{Heap after GC invocations=31 (full 0):
 garbage-first heap   total 628736K, used 179900K [0x0000000752600000, 0x0000000800000000)
  region size 2048K, 21 young (43008K), 21 survivors (43008K)
 Metaspace       used 40531K, committed 41024K, reserved 1114112K
  class space    used 5449K, committed 5696K, reserved 1048576K
}
Event: 11.888 GC heap before
{Heap before GC invocations=31 (full 0):
 garbage-first heap   total 628736K, used 472764K [0x0000000752600000, 0x0000000800000000)
  region size 2048K, 165 young (337920K), 21 survivors (43008K)
 Metaspace       used 40531K, committed 41024K, reserved 1114112K
  class space    used 5449K, committed 5696K, reserved 1048576K
}

Dll operation events (7 events):
Event: 0.012 Loaded shared library D:\Programas\JAVA\jdk\bin\java.dll
Event: 0.037 Loaded shared library D:\Programas\JAVA\jdk\bin\jsvml.dll
Event: 0.174 Loaded shared library D:\Programas\JAVA\jdk\bin\net.dll
Event: 0.176 Loaded shared library D:\Programas\JAVA\jdk\bin\nio.dll
Event: 0.180 Loaded shared library D:\Programas\JAVA\jdk\bin\zip.dll
Event: 0.376 Loaded shared library D:\Programas\JAVA\jdk\bin\jimage.dll
Event: 1.894 Loaded shared library D:\Programas\JAVA\jdk\bin\sunmscapi.dll

Deoptimization events (20 events):
Event: 11.634 Thread 0x000001b2204c4ec0 Uncommon trap: reason=unstable_if action=reinterpret pc=0x000001b1c7534828 method=io.github.classgraph.Classfile.readFields()V @ 49 c2
Event: 11.634 Thread 0x000001b2204c4ec0 DEOPT PACKING pc=0x000001b1c7534828 sp=0x00000058a46feb10
Event: 11.634 Thread 0x000001b2204c4ec0 DEOPT UNPACKING pc=0x000001b1c69f69a3 sp=0x00000058a46fea98 mode 2
Event: 11.634 Thread 0x000001b2204c58e0 Uncommon trap: trap_request=0xffffff45 fr.pc=0x000001b1c74b8fa0 relative=0x0000000000000ce0
Event: 11.634 Thread 0x000001b2204c49b0 Uncommon trap: trap_request=0xffffff45 fr.pc=0x000001b1c74b8fa0 relative=0x0000000000000ce0
Event: 11.634 Thread 0x000001b2204c58e0 Uncommon trap: reason=unstable_if action=reinterpret pc=0x000001b1c74b8fa0 method=java.util.concurrent.ConcurrentHashMap.replaceNode(Ljava/lang/Object;Ljava/lang/Object;Ljava/lang/Object;)Ljava/lang/Object; @ 62 c2
Event: 11.634 Thread 0x000001b2204c49b0 Uncommon trap: reason=unstable_if action=reinterpret pc=0x000001b1c74b8fa0 method=java.util.concurrent.ConcurrentHashMap.replaceNode(Ljava/lang/Object;Ljava/lang/Object;Ljava/lang/Object;)Ljava/lang/Object; @ 62 c2
Event: 11.634 Thread 0x000001b2204c49b0 DEOPT PACKING pc=0x000001b1c74b8fa0 sp=0x00000058a45fec60
Event: 11.634 Thread 0x000001b2204c58e0 DEOPT PACKING pc=0x000001b1c74b8fa0 sp=0x00000058a36fee90
Event: 11.634 Thread 0x000001b2204c49b0 DEOPT UNPACKING pc=0x000001b1c69f69a3 sp=0x00000058a45febf8 mode 2
Event: 11.634 Thread 0x000001b21fddd6a0 DEOPT UNPACKING pc=0x000001b1c69f69a3 sp=0x00000058a52fec40 mode 2
Event: 11.634 Thread 0x000001b21fddff20 DEOPT UNPACKING pc=0x000001b1c69f69a3 sp=0x00000058a4cfeba0 mode 2
Event: 11.634 Thread 0x000001b2204c58e0 DEOPT UNPACKING pc=0x000001b1c69f69a3 sp=0x00000058a36fee28 mode 2
Event: 11.634 Thread 0x000001b2204c53d0 DEOPT UNPACKING pc=0x000001b1c69f69a3 sp=0x00000058a37fec30 mode 2
Event: 11.634 Thread 0x000001b21fddf500 DEOPT UNPACKING pc=0x000001b1c69f69a3 sp=0x00000058a50fedc0 mode 2
Event: 11.635 Thread 0x000001b2204c5df0 DEOPT UNPACKING pc=0x000001b1c69f69a3 sp=0x00000058a3ffefe8 mode 2
Event: 11.635 Thread 0x000001b2204c5df0 Uncommon trap: trap_request=0xffffff45 fr.pc=0x000001b1c74edc40 relative=0x00000000000005c0
Event: 11.635 Thread 0x000001b2204c5df0 Uncommon trap: reason=unstable_if action=reinterpret pc=0x000001b1c74edc40 method=io.github.classgraph.FieldInfo.<init>(Ljava/lang/String;Ljava/lang/String;ILjava/lang/String;Ljava/lang/String;Ljava/lang/Object;Lio/github/classgraph/AnnotationInfoList;Lja
Event: 11.635 Thread 0x000001b2204c5df0 DEOPT PACKING pc=0x000001b1c74edc40 sp=0x00000058a3ffef40
Event: 11.635 Thread 0x000001b2204c5df0 DEOPT UNPACKING pc=0x000001b1c69f69a3 sp=0x00000058a3ffef08 mode 2

Classes loaded (20 events):
Event: 6.958 Loading class java/nio/BufferUnderflowException
Event: 6.958 Loading class java/nio/BufferUnderflowException done
Event: 6.958 Loading class java/nio/channels/spi/AbstractInterruptibleChannel$1
Event: 6.958 Loading class sun/nio/ch/Interruptible
Event: 6.958 Loading class sun/nio/ch/Interruptible done
Event: 6.958 Loading class java/nio/channels/spi/AbstractInterruptibleChannel$1 done
Event: 6.962 Loading class java/nio/ReadOnlyBufferException
Event: 6.962 Loading class java/nio/ReadOnlyBufferException done
Event: 6.968 Loading class java/util/zip/DataFormatException
Event: 6.968 Loading class java/util/zip/DataFormatException done
Event: 7.114 Loading class java/util/concurrent/locks/AbstractQueuedSynchronizer$ConditionNode
Event: 7.116 Loading class java/util/concurrent/locks/AbstractQueuedSynchronizer$ConditionNode done
Event: 7.533 Loading class jdk/internal/misc/ScopedMemoryAccess$Scope$Handle
Event: 7.534 Loading class jdk/internal/misc/ScopedMemoryAccess$Scope$Handle done
Event: 10.186 Loading class java/util/concurrent/TimeUnit$1
Event: 10.186 Loading class java/util/concurrent/TimeUnit$1 done
Event: 10.187 Loading class jdk/internal/math/FDBigInteger
Event: 10.188 Loading class jdk/internal/math/FDBigInteger done
Event: 10.195 Loading class java/util/stream/SortedOps$SizedRefSortingSink
Event: 10.195 Loading class java/util/stream/SortedOps$SizedRefSortingSink done

Classes unloaded (0 events):
No events

Classes redefined (0 events):
No events

Internal exceptions (20 events):
Event: 10.181 Thread 0x000001b1b7a29550 Exception <a 'java/lang/ClassNotFoundException'{0x000000076dcf5ac8}: com/sun/faces/push/WebsocketChannelManager$ViewScope> (0x000000076dcf5ac8) 
thrown [s\src\hotspot\share\classfile\systemDictionary.cpp, line 256]
Event: 10.181 Thread 0x000001b1b7a29550 Exception <a 'java/lang/ClassNotFoundException'{0x000000076dcf8e00}: org/omnifaces/cdi/push/SocketChannelManager$ViewScope> (0x000000076dcf8e00) 
thrown [s\src\hotspot\share\classfile\systemDictionary.cpp, line 256]
Event: 10.195 Thread 0x000001b1b7a29550 Implicit null exception at 0x000001b1c72e2cec to 0x000001b1c72e2d94
Event: 10.198 Thread 0x000001b1b7a29550 Exception <a 'sun/nio/fs/WindowsException'{0x000000076dd71368}> (0x000000076dd71368) 
thrown [s\src\hotspot\share\prims\jni.cpp, line 516]
Event: 10.198 Thread 0x000001b1b7a29550 Exception <a 'sun/nio/fs/WindowsException'{0x000000076dd71878}> (0x000000076dd71878) 
thrown [s\src\hotspot\share\prims\jni.cpp, line 516]
Event: 10.198 Thread 0x000001b1b7a29550 Exception <a 'sun/nio/fs/WindowsException'{0x000000076ddac4c0}> (0x000000076ddac4c0) 
thrown [s\src\hotspot\share\prims\jni.cpp, line 516]
Event: 10.198 Thread 0x000001b1b7a29550 Exception <a 'sun/nio/fs/WindowsException'{0x000000076ddac9a0}> (0x000000076ddac9a0) 
thrown [s\src\hotspot\share\prims\jni.cpp, line 516]
Event: 10.198 Thread 0x000001b1b7a29550 Exception <a 'sun/nio/fs/WindowsException'{0x000000076ddacd60}> (0x000000076ddacd60) 
thrown [s\src\hotspot\share\prims\jni.cpp, line 516]
Event: 10.198 Thread 0x000001b1b7a29550 Exception <a 'sun/nio/fs/WindowsException'{0x000000076ddad500}> (0x000000076ddad500) 
thrown [s\src\hotspot\share\prims\jni.cpp, line 516]
Event: 10.198 Thread 0x000001b1b7a29550 Exception <a 'sun/nio/fs/WindowsException'{0x000000076ddad888}> (0x000000076ddad888) 
thrown [s\src\hotspot\share\prims\jni.cpp, line 516]
Event: 10.198 Thread 0x000001b1b7a29550 Exception <a 'sun/nio/fs/WindowsException'{0x000000076ddae010}> (0x000000076ddae010) 
thrown [s\src\hotspot\share\prims\jni.cpp, line 516]
Event: 10.218 Thread 0x000001b21fdde5d0 Implicit null exception at 0x000001b1c74bf7d1 to 0x000001b1c74c1158
Event: 10.336 Thread 0x000001b21fdde5d0 Implicit null exception at 0x000001b1c74d7d75 to 0x000001b1c74d7ef4
Event: 10.336 Thread 0x000001b21fdde0c0 Implicit null exception at 0x000001b1c74d7d75 to 0x000001b1c74d7ef4
Event: 10.336 Thread 0x000001b21fde1870 Implicit null exception at 0x000001b1c74d7d75 to 0x000001b1c74d7ef4
Event: 10.336 Thread 0x000001b21fddff20 Implicit null exception at 0x000001b1c74d7d75 to 0x000001b1c74d7ef4
Event: 10.336 Thread 0x000001b21fde0940 Implicit null exception at 0x000001b1c74d7d75 to 0x000001b1c74d7ef4
Event: 10.336 Thread 0x000001b21fddeae0 Implicit null exception at 0x000001b1c74d7d75 to 0x000001b1c74d7ef4
Event: 10.336 Thread 0x000001b21fde0430 Implicit null exception at 0x000001b1c74d7d75 to 0x000001b1c74d7ef4
Event: 10.336 Thread 0x000001b21fddd6a0 Implicit null exception at 0x000001b1c74d7d75 to 0x000001b1c74d7ef4

VM Operations (20 events):
Event: 10.789 Executing VM operation: HandshakeAllThreads done
Event: 10.846 Executing VM operation: HandshakeAllThreads
Event: 10.846 Executing VM operation: HandshakeAllThreads done
Event: 10.888 Executing VM operation: G1CollectForAllocation
Event: 10.902 Executing VM operation: G1CollectForAllocation done
Event: 10.929 Executing VM operation: G1PauseRemark
Event: 10.936 Executing VM operation: G1PauseRemark done
Event: 10.947 Executing VM operation: G1PauseCleanup
Event: 10.947 Executing VM operation: G1PauseCleanup done
Event: 11.139 Executing VM operation: G1CollectForAllocation
Event: 11.139 Executing VM operation: G1CollectForAllocation done
Event: 11.140 Executing VM operation: G1CollectForAllocation
Event: 11.161 Executing VM operation: G1CollectForAllocation done
Event: 11.162 Executing VM operation: G1CollectForAllocation
Event: 11.181 Executing VM operation: G1CollectForAllocation done
Event: 11.197 Executing VM operation: HandshakeAllThreads
Event: 11.197 Executing VM operation: HandshakeAllThreads done
Event: 11.658 Executing VM operation: G1CollectForAllocation
Event: 11.683 Executing VM operation: G1CollectForAllocation done
Event: 11.888 Executing VM operation: G1CollectForAllocation

Memory protections (0 events):
No events

Nmethod flushes (20 events):
Event: 11.207 Thread 0x000001b1d792ed70 flushing  nmethod 0x000001b1c0219d10
Event: 11.207 Thread 0x000001b1d792ed70 flushing  nmethod 0x000001b1c021ac10
Event: 11.207 Thread 0x000001b1d792ed70 flushing  nmethod 0x000001b1c021cb90
Event: 11.207 Thread 0x000001b1d792ed70 flushing  nmethod 0x000001b1c021d190
Event: 11.207 Thread 0x000001b1d792ed70 flushing  nmethod 0x000001b1c021ec90
Event: 11.207 Thread 0x000001b1d792ed70 flushing  nmethod 0x000001b1c022e610
Event: 11.207 Thread 0x000001b1d792ed70 flushing  nmethod 0x000001b1c0236910
Event: 11.207 Thread 0x000001b1d792ed70 flushing  nmethod 0x000001b1c023bd90
Event: 11.207 Thread 0x000001b1d792ed70 flushing  nmethod 0x000001b1c024b910
Event: 11.207 Thread 0x000001b1d792ed70 flushing  nmethod 0x000001b1c026c610
Event: 11.207 Thread 0x000001b1d792ed70 flushing  nmethod 0x000001b1c027ee90
Event: 11.207 Thread 0x000001b1d792ed70 flushing  nmethod 0x000001b1c0282210
Event: 11.207 Thread 0x000001b1d792ed70 flushing  nmethod 0x000001b1c0284d10
Event: 11.207 Thread 0x000001b1d792ed70 flushing  nmethod 0x000001b1c0285c90
Event: 11.207 Thread 0x000001b1d792ed70 flushing  nmethod 0x000001b1c0286f10
Event: 11.207 Thread 0x000001b1d792ed70 flushing  nmethod 0x000001b1c0287690
Event: 11.207 Thread 0x000001b1d792ed70 flushing  nmethod 0x000001b1c0288610
Event: 11.207 Thread 0x000001b1d792ed70 flushing  nmethod 0x000001b1c0295110
Event: 11.207 Thread 0x000001b1d792ed70 flushing  nmethod 0x000001b1c02e4190
Event: 11.207 Thread 0x000001b1d792ed70 flushing  nmethod 0x000001b1c02e4890

Events (20 events):
Event: 11.540 Thread 0x000001b2204c44a0 Thread added: 0x000001b2204c5df0
Event: 11.540 Thread 0x000001b2204c44a0 Thread added: 0x000001b2204c49b0
Event: 11.541 Thread 0x000001b2204c44a0 Thread added: 0x000001b2204c4ec0
Event: 11.541 Thread 0x000001b2204c44a0 Thread added: 0x000001b2204c3a80
Event: 11.541 Thread 0x000001b2204c44a0 Thread added: 0x000001b2204c3f90
Event: 11.541 Thread 0x000001b2204c44a0 Thread added: 0x000001b2204c6300
Event: 11.541 Thread 0x000001b2204c44a0 Thread added: 0x000001b2204c3570
Event: 11.541 Thread 0x000001b2204c44a0 Thread added: 0x000001b21fdddbb0
Event: 11.541 Thread 0x000001b2204c44a0 Thread added: 0x000001b21fddff20
Event: 11.541 Thread 0x000001b2204c44a0 Thread added: 0x000001b21fde0940
Event: 11.542 Thread 0x000001b2204c44a0 Thread added: 0x000001b21fde40f0
Event: 11.542 Thread 0x000001b2204c44a0 Thread added: 0x000001b21fde1870
Event: 11.542 Thread 0x000001b2204c44a0 Thread added: 0x000001b21fddf500
Event: 11.542 Thread 0x000001b2204c44a0 Thread added: 0x000001b21fde36d0
Event: 11.542 Thread 0x000001b2204c44a0 Thread added: 0x000001b21fddd6a0
Event: 11.542 Thread 0x000001b2204c44a0 Thread added: 0x000001b21fde3be0
Event: 11.542 Thread 0x000001b2204c44a0 Thread added: 0x000001b21fde27a0
Event: 11.543 Thread 0x000001b2204c44a0 Thread added: 0x000001b21fde0e50
Event: 11.543 Thread 0x000001b2204c44a0 Thread added: 0x000001b21fdde0c0
Event: 11.543 Thread 0x000001b2204c44a0 Thread added: 0x000001b21fde1360


Dynamic libraries:
0x00007ff77f000000 - 0x00007ff77f00e000 	D:\Programas\JAVA\jdk\bin\java.exe
0x00007ff905a10000 - 0x00007ff905c27000 	C:\Windows\SYSTEM32\ntdll.dll
0x00007ff903ad0000 - 0x00007ff903b94000 	C:\Windows\System32\KERNEL32.DLL
0x00007ff902d60000 - 0x00007ff903130000 	C:\Windows\System32\KERNELBASE.dll
0x00007ff903530000 - 0x00007ff903641000 	C:\Windows\System32\ucrtbase.dll
0x00007ff8fa0d0000 - 0x00007ff8fa0e7000 	D:\Programas\JAVA\jdk\bin\jli.dll
0x00007ff8fdc60000 - 0x00007ff8fdc7b000 	D:\Programas\JAVA\jdk\bin\VCRUNTIME140.dll
0x00007ff905220000 - 0x00007ff9053ce000 	C:\Windows\System32\USER32.dll
0x00007ff903650000 - 0x00007ff903676000 	C:\Windows\System32\win32u.dll
0x00007ff8e3d70000 - 0x00007ff8e4002000 	C:\Windows\WinSxS\amd64_microsoft.windows.common-controls_6595b64144ccf1df_6.0.22621.4830_none_270fe7d773858e80\COMCTL32.dll
0x00007ff905030000 - 0x00007ff905059000 	C:\Windows\System32\GDI32.dll
0x00007ff904620000 - 0x00007ff9046c7000 	C:\Windows\System32\msvcrt.dll
0x00007ff9031b0000 - 0x00007ff9032cb000 	C:\Windows\System32\gdi32full.dll
0x00007ff902cc0000 - 0x00007ff902d5a000 	C:\Windows\System32\msvcp_win.dll
0x00007ff903ed0000 - 0x00007ff903f01000 	C:\Windows\System32\IMM32.DLL
0x00007ff8ff240000 - 0x00007ff8ff24c000 	D:\Programas\JAVA\jdk\bin\vcruntime140_1.dll
0x00007ff8eaa10000 - 0x00007ff8eaa9d000 	D:\Programas\JAVA\jdk\bin\msvcp140.dll
0x00007ff8c8b60000 - 0x00007ff8c97cc000 	D:\Programas\JAVA\jdk\bin\server\jvm.dll
0x00007ff9053d0000 - 0x00007ff905481000 	C:\Windows\System32\ADVAPI32.dll
0x00007ff9043e0000 - 0x00007ff904487000 	C:\Windows\System32\sechost.dll
0x00007ff903390000 - 0x00007ff9033b8000 	C:\Windows\System32\bcrypt.dll
0x00007ff903780000 - 0x00007ff903894000 	C:\Windows\System32\RPCRT4.dll
0x00007ff903d90000 - 0x00007ff903e01000 	C:\Windows\System32\WS2_32.dll
0x00007ff8fd9b0000 - 0x00007ff8fd9e4000 	C:\Windows\SYSTEM32\WINMM.dll
0x00007ff8f94c0000 - 0x00007ff8f94ca000 	C:\Windows\SYSTEM32\VERSION.dll
0x00007ff902b90000 - 0x00007ff902bdd000 	C:\Windows\SYSTEM32\POWRPROF.dll
0x00007ff902b70000 - 0x00007ff902b83000 	C:\Windows\SYSTEM32\UMPDC.dll
0x00007ff901cc0000 - 0x00007ff901cd8000 	C:\Windows\SYSTEM32\kernel.appcore.dll
0x00007ff8fdc40000 - 0x00007ff8fdc4a000 	D:\Programas\JAVA\jdk\bin\jimage.dll
0x00007ff8fa8a0000 - 0x00007ff8faad2000 	C:\Windows\SYSTEM32\DBGHELP.DLL
0x00007ff905640000 - 0x00007ff9059d0000 	C:\Windows\System32\combase.dll
0x00007ff903cb0000 - 0x00007ff903d87000 	C:\Windows\System32\OLEAUT32.dll
0x00007ff8ed9d0000 - 0x00007ff8eda02000 	C:\Windows\SYSTEM32\dbgcore.DLL
0x00007ff903680000 - 0x00007ff9036fb000 	C:\Windows\System32\bcryptPrimitives.dll
0x00007ff8f3ef0000 - 0x00007ff8f3f15000 	D:\Programas\JAVA\jdk\bin\java.dll
0x00007ff8e64b0000 - 0x00007ff8e6587000 	D:\Programas\JAVA\jdk\bin\jsvml.dll
0x00007ff9047b0000 - 0x00007ff905028000 	C:\Windows\System32\SHELL32.dll
0x00007ff900bc0000 - 0x00007ff9014d0000 	C:\Windows\SYSTEM32\windows.storage.dll
0x00007ff900a80000 - 0x00007ff900bbf000 	C:\Windows\SYSTEM32\wintypes.dll
0x00007ff903ba0000 - 0x00007ff903caa000 	C:\Windows\System32\SHCORE.dll
0x00007ff903700000 - 0x00007ff90375e000 	C:\Windows\System32\shlwapi.dll
0x00007ff902bf0000 - 0x00007ff902c1b000 	C:\Windows\SYSTEM32\profapi.dll
0x00007ff8f21e0000 - 0x00007ff8f21f9000 	D:\Programas\JAVA\jdk\bin\net.dll
0x00007ff8fd880000 - 0x00007ff8fd9ac000 	C:\Windows\SYSTEM32\WINHTTP.dll
0x00007ff902130000 - 0x00007ff90219a000 	C:\Windows\system32\mswsock.dll
0x00007ff8f2110000 - 0x00007ff8f2126000 	D:\Programas\JAVA\jdk\bin\nio.dll
0x00007ff8ed4b0000 - 0x00007ff8ed4c8000 	D:\Programas\JAVA\jdk\bin\zip.dll
0x00007ff8f2260000 - 0x00007ff8f226e000 	D:\Programas\JAVA\jdk\bin\sunmscapi.dll
0x00007ff9033c0000 - 0x00007ff903526000 	C:\Windows\System32\CRYPT32.dll
0x00007ff902570000 - 0x00007ff90259d000 	C:\Windows\SYSTEM32\ncrypt.dll
0x00007ff902530000 - 0x00007ff902567000 	C:\Windows\SYSTEM32\NTASN1.dll

dbghelp: loaded successfully - version: 4.0.5 - missing functions: none
symbol engine: initialized successfully - sym options: 0x614 - pdb path: .;D:\Programas\JAVA\jdk\bin;C:\Windows\SYSTEM32;C:\Windows\WinSxS\amd64_microsoft.windows.common-controls_6595b64144ccf1df_6.0.22621.4830_none_270fe7d773858e80;D:\Programas\JAVA\jdk\bin\server

VM Arguments:
java_command: org.springframework.boot.SpringApplicationAotProcessor org.joinfaces.example.JoinFacesExampleApplication D:\Projetos\EstudoIndentar\Testes Spring boot\websocket-spring-jsf\target\spring-aot\main\sources D:\Projetos\EstudoIndentar\Testes Spring boot\websocket-spring-jsf\target\spring-aot\main\resources D:\Projetos\EstudoIndentar\Testes Spring boot\websocket-spring-jsf\target\spring-aot\main\classes org.joinfaces joinfaces-example
java_class_path (initial): D:\Projetos\EstudoIndentar\Testes Spring boot\websocket-spring-jsf\target\classes;D:\Projetos\EstudoIndentar\Testes Spring boot\websocket-spring-jsf\target\spring-aot\main\classes;C:\Users\pcmix\.m2\repository\jakarta\validation\jakarta.validation-api\3.0.2\jakarta.validation-api-3.0.2.jar;C:\Users\pcmix\.m2\repository\ch\qos\logback\logback-classic\1.5.16\logback-classic-1.5.16.jar;C:\Users\pcmix\.m2\repository\ch\qos\logback\logback-core\1.5.16\logback-core-1.5.16.jar;C:\Users\pcmix\.m2\repository\org\apache\logging\log4j\log4j-to-slf4j\2.24.3\log4j-to-slf4j-2.24.3.jar;C:\Users\pcmix\.m2\repository\org\apache\logging\log4j\log4j-api\2.24.3\log4j-api-2.24.3.jar;C:\Users\pcmix\.m2\repository\org\slf4j\jul-to-slf4j\2.0.16\jul-to-slf4j-2.0.16.jar;C:\Users\pcmix\.m2\repository\jakarta\annotation\jakarta.annotation-api\2.1.1\jakarta.annotation-api-2.1.1.jar;C:\Users\pcmix\.m2\repository\org\yaml\snakeyaml\2.3\snakeyaml-2.3.jar;C:\Users\pcmix\.m2\repository\org\springframework\spring-core\6.2.2\spring-core-6.2.2.jar;C:\Users\pcmix\.m2\repository\org\springframework\spring-jcl\6.2.2\spring-jcl-6.2.2.jar;C:\Users\pcmix\.m2\repository\org\springframework\boot\spring-boot-actuator-autoconfigure\3.5.0-M1\spring-boot-actuator-autoconfigure-3.5.0-M1.jar;C:\Users\pcmix\.m2\repository\org\springframework\boot\spring-boot-actuator\3.5.0-M1\spring-boot-actuator-3.5.0-M1.jar;C:\Users\pcmix\.m2\repository\com\fasterxml\jackson\core\jackson-databind\2.18.2\jackson-databind-2.18.2.jar;C:\Users\pcmix\.m2\repository\com\fasterxml\jackson\core\jackson-annotations\2.18.2\jackson-annotations-2.18.2.jar;C:\Users\pcmix\.m2\repository\com\fasterxml\jackson\core\jackson-core\2.18.2\jackson-core-2.18.2.jar;C:\Users\pcmix\.m2\repository\com\fasterxml\jackson\datatype\jackson-datatype-jsr310\2.18.2\jackson-datatype-jsr310-2.18.2.jar;C:\Users\pcmix\.m2\repository\io\micrometer\micrometer-observation\1.15.0-M1\micrometer-observation-1.15.0-M1.jar;C:\Users\pcmix\.m2\repos
Launcher Type: SUN_STANDARD

[Global flags]
     intx CICompilerCount                          = 12                                        {product} {ergonomic}
     uint ConcGCThreads                            = 3                                         {product} {ergonomic}
     uint G1ConcRefinementThreads                  = 13                                        {product} {ergonomic}
   size_t G1HeapRegionSize                         = 2097152                                   {product} {ergonomic}
    uintx GCDrainStackTargetSize                   = 64                                        {product} {ergonomic}
   size_t InitialHeapSize                          = 182452224                                 {product} {ergonomic}
   size_t MarkStackSize                            = 4194304                                   {product} {ergonomic}
   size_t MaxHeapSize                              = 2912944128                                {product} {ergonomic}
   size_t MaxNewSize                               = 1746927616                                {product} {ergonomic}
   size_t MinHeapDeltaBytes                        = 2097152                                   {product} {ergonomic}
   size_t MinHeapSize                              = 8388608                                   {product} {ergonomic}
    uintx NonNMethodCodeHeapSize                   = 7602480                                {pd product} {ergonomic}
    uintx NonProfiledCodeHeapSize                  = 122027880                              {pd product} {ergonomic}
    uintx ProfiledCodeHeapSize                     = 122027880                              {pd product} {ergonomic}
    uintx ReservedCodeCacheSize                    = 251658240                              {pd product} {ergonomic}
     bool SegmentedCodeCache                       = true                                      {product} {ergonomic}
   size_t SoftMaxHeapSize                          = 2912944128                             {manageable} {ergonomic}
     bool UseCompressedClassPointers               = true                           {product lp64_product} {ergonomic}
     bool UseCompressedOops                        = true                           {product lp64_product} {ergonomic}
     bool UseG1GC                                  = true                                      {product} {ergonomic}
     bool UseLargePagesIndividualAllocation        = false                                  {pd product} {ergonomic}

Logging:
Log output configuration:
 #0: stdout all=warning uptime,level,tags
 #1: stderr all=off uptime,level,tags

Environment Variables:
JAVA_HOME=D:\Programas\JAVA\jdk
PATH=C:\Windows\system32;C:\Windows;C:\Windows\System32\Wbem;C:\Windows\System32\WindowsPowerShell\v1.0\;C:\Windows\System32\OpenSSH\;C:\Program Files\dotnet\;C:\Program Files\Java\jdk1.8.0_291\bin;C:\Program Files (x86)\Oberthur Technologies\AWP\Dlls;C:\Program Files\Oberthur Technologies\AWP\Dlls;C:\Program Files\Git\cmd;D:\Programas\putty\;D:\Programas\MAVEN\apache-maven-3.9.9\bin;D:\Programas\ANT\apache-ant-1.9.16\bin;C:\Program Files\CheckSefaz;C:\Users\pcmix\AppData\Local\Microsoft\WindowsApps;C:\Users\pcmix\AppData\Local\GitHubDesktop\bin;d:\Programas\Intellij\bin;;C:\Program Files\JetBrains\IntelliJ IDEA Community Edition 2024.3.2.2\bin;;D:\Programas\JAVA\jdk\bin;C:\Program Files\CheckSefaz;
USERNAME=pcmix
OS=Windows_NT
PROCESSOR_IDENTIFIER=AMD64 Family 23 Model 104 Stepping 1, AuthenticAMD
TMP=C:\Users\pcmix\AppData\Local\Temp
TEMP=C:\Users\pcmix\AppData\Local\Temp



Periodic native trim disabled


---------------  S Y S T E M  ---------------

OS:
 Windows 11 , 64 bit Build 22621 (10.0.22621.4830)
OS uptime: 1 days 4:35 hours
Hyper-V role detected

CPU: total 16 (initial active 16) (16 cores per cpu, 2 threads per core) family 23 model 104 stepping 1 microcode 0x0, cx8, cmov, fxsr, ht, mmx, 3dnowpref, sse, sse2, sse3, ssse3, sse4a, sse4.1, sse4.2, popcnt, lzcnt, tsc, tscinvbit, avx, avx2, aes, clmul, bmi1, bmi2, adx, sha, fma, vzeroupper, clflush, clflushopt, hv
Processor Information for all 16 processors :
  Max Mhz: 1801, Current Mhz: 1801, Mhz Limit: 1801

Memory: 4k page, system-wide physical 11109M (589M free)
TotalPageFile size 19137M (AvailPageFile size 703M)
current process WorkingSet (physical memory assigned to process): 828M, peak: 949M
current process commit charge ("private bytes"): 1030M, peak: 1750M

vm_info: OpenJDK 64-Bit Server VM (17.0.13+11-LTS) for windows-amd64 JRE (17.0.13+11-LTS), built on Oct 10 2024 19:51:30 by "Administrator" with MS VC++ 16.10 / 16.11 (VS2019)

END.
