#
# There is insufficient memory for the Java Runtime Environment to continue.
# Native memory allocation (mmap) failed to map 375390208 bytes. Error detail: G1 virtual space
# Possible reasons:
#   The system is out of physical RAM or swap space
#   This process is running with CompressedOops enabled, and the Java Heap may be blocking the growth of the native heap
# Possible solutions:
#   Reduce memory load on the system
#   Increase physical memory or swap space
#   Check if swap backing store is full
#   Decrease Java heap size (-Xmx/-Xms)
#   Decrease number of Java threads
#   Decrease Java thread stack sizes (-Xss)
#   Set larger code cache with -XX:ReservedCodeCacheSize=
#   JVM is running with Zero Based Compressed Oops mode in which the Java heap is
#     placed in the first 32GB address space. The Java Heap base address is the
#     maximum limit for the native heap growth. Please use -XX:HeapBaseMinAddress
#     to set the Java Heap base and to place the Java Heap above 32GB virtual address.
# This output file may be truncated or incomplete.
#
#  Out of Memory Error (os_windows.cpp:3614), pid=4328, tid=19820
#
# JRE version: OpenJDK Runtime Environment Corretto-17.0.13.11.1 (17.0.13+11) (build 17.0.13+11-LTS)
# Java VM: OpenJDK 64-Bit Server VM Corretto-17.0.13.11.1 (17.0.13+11-LTS, mixed mode, sharing, tiered, compressed oops, compressed class ptrs, g1 gc, windows-amd64)
# No core dump will be written. Minidumps are not enabled by default on client versions of Windows
#

---------------  S U M M A R Y ------------

Command Line: org.springframework.boot.SpringApplicationAotProcessor org.joinfaces.example.JoinFacesExampleApplication D:\Projetos\EstudoIndentar\Testes Spring boot\websocket-spring-jsf\target\spring-aot\main\sources D:\Projetos\EstudoIndentar\Testes Spring boot\websocket-spring-jsf\target\spring-aot\main\resources D:\Projetos\EstudoIndentar\Testes Spring boot\websocket-spring-jsf\target\spring-aot\main\classes org.joinfaces joinfaces-example

Host: AMD Ryzen 7 5700U with Radeon Graphics         , 16 cores, 10G,  Windows 11 , 64 bit Build 22621 (10.0.22621.4830)
Time: Wed Feb 19 12:42:31 2025 Hora oficial do Brasil elapsed time: 9.684806 seconds (0d 0h 0m 9s)

---------------  T H R E A D  ---------------

Current thread (0x0000018ec73f74e0):  VMThread "VM Thread" [stack: 0x0000006904300000,0x0000006904400000] [id=19820]

Stack: [0x0000006904300000,0x0000006904400000]
Native frames: (J=compiled Java code, j=interpreted, Vv=VM code, C=native code)
V  [jvm.dll+0x680c19]
V  [jvm.dll+0x83888a]
V  [jvm.dll+0x83a34e]
V  [jvm.dll+0x83a9b3]
V  [jvm.dll+0x2481af]
V  [jvm.dll+0x67d959]
V  [jvm.dll+0x67242a]
V  [jvm.dll+0x30813b]
V  [jvm.dll+0x30f626]
V  [jvm.dll+0x35f94e]
V  [jvm.dll+0x35fb8f]
V  [jvm.dll+0x2df0ec]
V  [jvm.dll+0x2dd4af]
V  [jvm.dll+0x2dcbdc]
V  [jvm.dll+0x32037b]
V  [jvm.dll+0x83eead]
V  [jvm.dll+0x83fbf2]
V  [jvm.dll+0x84011f]
V  [jvm.dll+0x840504]
V  [jvm.dll+0x8405d0]
V  [jvm.dll+0x7e7b2c]
V  [jvm.dll+0x67fae7]
C  [ucrtbase.dll+0x29333]
C  [KERNEL32.DLL+0x1259d]
C  [ntdll.dll+0x5af38]

VM_Operation (0x00000069071fd9b0): G1CollectForAllocation, mode: safepoint, requested by thread 0x0000018f11c9b940


---------------  P R O C E S S  ---------------

Threads class SMR info:
_java_thread_list=0x0000018f109063d0, length=37, elements={
0x0000018ea69795b0, 0x0000018ec73ff410, 0x0000018ec7400290, 0x0000018ec741bbe0,
0x0000018ec741d9c0, 0x0000018ec741e380, 0x0000018ec741ed40, 0x0000018ec7420300,
0x0000018ec74223e0, 0x0000018ec7425200, 0x0000018ec76f6440, 0x0000018ec7703240,
0x0000018ec76fdc80, 0x0000018f11c9fb10, 0x0000018f11ca0530, 0x0000018f11c9dcb0,
0x0000018f11c9d7a0, 0x0000018f11c9c870, 0x0000018f11c9aa10, 0x0000018f11ca0a40,
0x0000018f11ca0f50, 0x0000018f11c9cd80, 0x0000018f11ca1460, 0x0000018f11c99ff0,
0x0000018f11ca1970, 0x0000018f11c9d290, 0x0000018f11c9a500, 0x0000018f11c9af20,
0x0000018f11c9b430, 0x0000018f11c9b940, 0x0000018f11c9be50, 0x0000018f11c9c360,
0x0000018f11c9e1c0, 0x0000018f11c9e6d0, 0x0000018f11c9ebe0, 0x0000018f11c9f0f0,
0x0000018f11c9f600
}

Java Threads: ( => current thread )
  0x0000018ea69795b0 JavaThread "main" [_thread_blocked, id=20620, stack(0x0000006903d00000,0x0000006903e00000)]
  0x0000018ec73ff410 JavaThread "Reference Handler" daemon [_thread_blocked, id=9784, stack(0x0000006904400000,0x0000006904500000)]
  0x0000018ec7400290 JavaThread "Finalizer" daemon [_thread_blocked, id=9752, stack(0x0000006904500000,0x0000006904600000)]
  0x0000018ec741bbe0 JavaThread "Signal Dispatcher" daemon [_thread_blocked, id=21072, stack(0x0000006904600000,0x0000006904700000)]
  0x0000018ec741d9c0 JavaThread "Attach Listener" daemon [_thread_blocked, id=5576, stack(0x0000006904700000,0x0000006904800000)]
  0x0000018ec741e380 JavaThread "Service Thread" daemon [_thread_blocked, id=13800, stack(0x0000006904800000,0x0000006904900000)]
  0x0000018ec741ed40 JavaThread "Monitor Deflation Thread" daemon [_thread_blocked, id=9816, stack(0x0000006904900000,0x0000006904a00000)]
  0x0000018ec7420300 JavaThread "C2 CompilerThread0" daemon [_thread_blocked, id=21004, stack(0x0000006904a00000,0x0000006904b00000)]
  0x0000018ec74223e0 JavaThread "C1 CompilerThread0" daemon [_thread_blocked, id=16896, stack(0x0000006904b00000,0x0000006904c00000)]
  0x0000018ec7425200 JavaThread "Sweeper thread" daemon [_thread_blocked, id=19516, stack(0x0000006904c00000,0x0000006904d00000)]
  0x0000018ec76f6440 JavaThread "Notification Thread" daemon [_thread_blocked, id=8944, stack(0x0000006904e00000,0x0000006904f00000)]
  0x0000018ec7703240 JavaThread "Common-Cleaner" daemon [_thread_blocked, id=3348, stack(0x0000006905000000,0x0000006905100000)]
  0x0000018ec76fdc80 JavaThread "C2 CompilerThread1" daemon [_thread_blocked, id=19160, stack(0x0000006905100000,0x0000006905200000)]
  0x0000018f11c9fb10 JavaThread "ClassGraph-worker-72" daemon [_thread_blocked, id=15928, stack(0x0000006905200000,0x0000006905300000)]
  0x0000018f11ca0530 JavaThread "ClassGraph-worker-73" daemon [_thread_blocked, id=17800, stack(0x0000006905300000,0x0000006905400000)]
  0x0000018f11c9dcb0 JavaThread "ClassGraph-worker-74" daemon [_thread_blocked, id=14148, stack(0x0000006905800000,0x0000006905900000)]
  0x0000018f11c9d7a0 JavaThread "ClassGraph-worker-75" daemon [_thread_blocked, id=11044, stack(0x0000006906400000,0x0000006906500000)]
  0x0000018f11c9c870 JavaThread "ClassGraph-worker-76" daemon [_thread_blocked, id=10260, stack(0x0000006906500000,0x0000006906600000)]
  0x0000018f11c9aa10 JavaThread "ClassGraph-worker-77" daemon [_thread_blocked, id=19164, stack(0x0000006906600000,0x0000006906700000)]
  0x0000018f11ca0a40 JavaThread "ClassGraph-worker-78" daemon [_thread_blocked, id=3976, stack(0x0000006906700000,0x0000006906800000)]
  0x0000018f11ca0f50 JavaThread "ClassGraph-worker-79" daemon [_thread_blocked, id=10020, stack(0x0000006906800000,0x0000006906900000)]
  0x0000018f11c9cd80 JavaThread "ClassGraph-worker-80" daemon [_thread_blocked, id=10676, stack(0x0000006906900000,0x0000006906a00000)]
  0x0000018f11ca1460 JavaThread "ClassGraph-worker-81" daemon [_thread_blocked, id=11796, stack(0x0000006906a00000,0x0000006906b00000)]
  0x0000018f11c99ff0 JavaThread "ClassGraph-worker-82" daemon [_thread_blocked, id=7720, stack(0x0000006906b00000,0x0000006906c00000)]
  0x0000018f11ca1970 JavaThread "ClassGraph-worker-83" daemon [_thread_blocked, id=20956, stack(0x0000006906c00000,0x0000006906d00000)]
  0x0000018f11c9d290 JavaThread "ClassGraph-worker-84" daemon [_thread_blocked, id=7908, stack(0x0000006906d00000,0x0000006906e00000)]
  0x0000018f11c9a500 JavaThread "ClassGraph-worker-85" daemon [_thread_blocked, id=3508, stack(0x0000006906e00000,0x0000006906f00000)]
  0x0000018f11c9af20 JavaThread "ClassGraph-worker-86" daemon [_thread_blocked, id=20652, stack(0x0000006906f00000,0x0000006907000000)]
  0x0000018f11c9b430 JavaThread "ClassGraph-worker-87" daemon [_thread_blocked, id=8880, stack(0x0000006907000000,0x0000006907100000)]
  0x0000018f11c9b940 JavaThread "ClassGraph-worker-88" daemon [_thread_blocked, id=18304, stack(0x0000006907100000,0x0000006907200000)]
  0x0000018f11c9be50 JavaThread "ClassGraph-worker-89" daemon [_thread_blocked, id=19336, stack(0x0000006907200000,0x0000006907300000)]
  0x0000018f11c9c360 JavaThread "ClassGraph-worker-90" daemon [_thread_blocked, id=4692, stack(0x0000006907300000,0x0000006907400000)]
  0x0000018f11c9e1c0 JavaThread "ClassGraph-worker-91" daemon [_thread_blocked, id=7356, stack(0x0000006907400000,0x0000006907500000)]
  0x0000018f11c9e6d0 JavaThread "ClassGraph-worker-92" daemon [_thread_blocked, id=7884, stack(0x0000006907500000,0x0000006907600000)]
  0x0000018f11c9ebe0 JavaThread "ClassGraph-worker-93" daemon [_thread_blocked, id=5916, stack(0x0000006907600000,0x0000006907700000)]
  0x0000018f11c9f0f0 JavaThread "ClassGraph-worker-94" daemon [_thread_blocked, id=18312, stack(0x0000006907700000,0x0000006907800000)]
  0x0000018f11c9f600 JavaThread "ClassGraph-worker-95" daemon [_thread_blocked, id=10440, stack(0x0000006907800000,0x0000006907900000)]

Other Threads:
=>0x0000018ec73f74e0 VMThread "VM Thread" [stack: 0x0000006904300000,0x0000006904400000] [id=19820]
  0x0000018ec76fa160 WatcherThread [stack: 0x0000006904f00000,0x0000006905000000] [id=14988]
  0x0000018ea69cd7a0 GCTaskThread "GC Thread#0" [stack: 0x0000006903e00000,0x0000006903f00000] [id=9452]
  0x0000018f0d723d50 GCTaskThread "GC Thread#1" [stack: 0x0000006905400000,0x0000006905500000] [id=17548]
  0x0000018f0d71fc50 GCTaskThread "GC Thread#2" [stack: 0x0000006905500000,0x0000006905600000] [id=17000]
  0x0000018f0d720310 GCTaskThread "GC Thread#3" [stack: 0x0000006905600000,0x0000006905700000] [id=20228]
  0x0000018f0d71c4a0 GCTaskThread "GC Thread#4" [stack: 0x0000006905700000,0x0000006905800000] [id=19488]
  0x0000018f0dca70c0 GCTaskThread "GC Thread#5" [stack: 0x0000006905900000,0x0000006905a00000] [id=20248]
  0x0000018f0df673a0 GCTaskThread "GC Thread#6" [stack: 0x0000006905a00000,0x0000006905b00000] [id=18364]
  0x0000018f0ddab410 GCTaskThread "GC Thread#7" [stack: 0x0000006905b00000,0x0000006905c00000] [id=12516]
  0x0000018f0e699f00 GCTaskThread "GC Thread#8" [stack: 0x0000006905d00000,0x0000006905e00000] [id=14136]
  0x0000018f0f5f9bd0 GCTaskThread "GC Thread#9" [stack: 0x0000006905e00000,0x0000006905f00000] [id=21168]
  0x0000018f0f5f9e90 GCTaskThread "GC Thread#10" [stack: 0x0000006905f00000,0x0000006906000000] [id=19652]
  0x0000018f0edf24c0 GCTaskThread "GC Thread#11" [stack: 0x0000006906000000,0x0000006906100000] [id=20256]
  0x0000018f0edf2780 GCTaskThread "GC Thread#12" [stack: 0x0000006906100000,0x0000006906200000] [id=12096]
  0x0000018ea69d9480 ConcurrentGCThread "G1 Main Marker" [stack: 0x0000006903f00000,0x0000006904000000] [id=19756]
  0x0000018ea69d9ea0 ConcurrentGCThread "G1 Conc#0" [stack: 0x0000006904000000,0x0000006904100000] [id=20664]
  0x0000018f0ec8cef0 ConcurrentGCThread "G1 Conc#1" [stack: 0x0000006906200000,0x0000006906300000] [id=12296]
  0x0000018f0f994ae0 ConcurrentGCThread "G1 Conc#2" [stack: 0x0000006906300000,0x0000006906400000] [id=18764]
  0x0000018ea6a1ea00 ConcurrentGCThread "G1 Refine#0" [stack: 0x0000006904100000,0x0000006904200000] [id=20692]
  0x0000018f106db6c0 ConcurrentGCThread "G1 Refine#1" [stack: 0x0000006907e00000,0x0000006907f00000] [id=18188]
  0x0000018f106db9b0 ConcurrentGCThread "G1 Refine#2" [stack: 0x0000006907f00000,0x0000006908000000] [id=15996]
  0x0000018f106dbf90 ConcurrentGCThread "G1 Refine#3" [stack: 0x0000006908000000,0x0000006908100000] [id=9332]
  0x0000018f106dc280 ConcurrentGCThread "G1 Refine#4" [stack: 0x0000006908100000,0x0000006908200000] [id=17884]
  0x0000018f106dc570 ConcurrentGCThread "G1 Refine#5" [stack: 0x0000006908200000,0x0000006908300000] [id=380]
  0x0000018f106dab00 ConcurrentGCThread "G1 Refine#6" [stack: 0x0000006908300000,0x0000006908400000] [id=16800]
  0x0000018f11d8f280 ConcurrentGCThread "G1 Refine#7" [stack: 0x0000006905c00000,0x0000006905d00000] [id=13816]
  0x0000018f11d8bab0 ConcurrentGCThread "G1 Refine#8" [stack: 0x0000006908400000,0x0000006908500000] [id=16016]
  0x0000018f11d8e0e0 ConcurrentGCThread "G1 Refine#9" [stack: 0x0000006907d00000,0x0000006907e00000] [id=7968]
  0x0000018f11d8e9b0 ConcurrentGCThread "G1 Refine#10" [stack: 0x0000006908500000,0x0000006908600000] [id=13488]
  0x0000018f11d8cf40 ConcurrentGCThread "G1 Refine#11" [stack: 0x0000006908600000,0x0000006908700000] [id=20728]
  0x0000018f11d8c090 ConcurrentGCThread "G1 Refine#12" [stack: 0x0000006908700000,0x0000006908800000] [id=7244]
  0x0000018ec72b56f0 ConcurrentGCThread "G1 Service" [stack: 0x0000006904200000,0x0000006904300000] [id=21196]

Threads with active compile tasks:

VM state: at safepoint (normal execution)

VM Mutex/Monitor currently owned by a thread:  ([mutex/lock_event])
[0x0000018ea6973f50] Threads_lock - owner thread: 0x0000018ec73f74e0
[0x0000018ea69750c0] Heap_lock - owner thread: 0x0000018f11c9b940

Heap address: 0x0000000752600000, size: 2778 MB, Compressed Oops mode: Zero based, Oop shift amount: 3

CDS archive(s) mapped at: [0x0000018ec8000000-0x0000018ec8bb0000-0x0000018ec8bb0000), size 12255232, SharedBaseAddress: 0x0000018ec8000000, ArchiveRelocationMode: 1.
Compressed class space mapped at: 0x0000018ec9000000-0x0000018f09000000, reserved size: 1073741824
Narrow klass base: 0x0000018ec8000000, Narrow klass shift: 0, Narrow klass range: 0x100000000

GC Precious Log:
 CPUs: 16 total, 16 available
 Memory: 11109M
 Large Page Support: Disabled
 NUMA Support: Disabled
 Compressed Oops: Enabled (Zero based)
 Heap Region Size: 2M
 Heap Min Capacity: 8M
 Heap Initial Capacity: 174M
 Heap Max Capacity: 2778M
 Pre-touch: Disabled
 Parallel Workers: 13
 Concurrent Workers: 3
 Concurrent Refinement Workers: 13
 Periodic GC: Disabled

Heap:
 garbage-first heap   total 1017856K, used 475405K [0x0000000752600000, 0x0000000800000000)
  region size 2048K, 18 young (36864K), 18 survivors (36864K)
 Metaspace       used 40728K, committed 41216K, reserved 1114112K
  class space    used 5450K, committed 5696K, reserved 1048576K

Heap Regions: E=young(eden), S=young(survivor), O=old, HS=humongous(starts), HC=humongous(continues), CS=collection set, F=free, OA=open archive, CA=closed archive, TAMS=top-at-mark-start (previous, next)
|   0|0x0000000752600000, 0x0000000752800000, 0x0000000752800000|100%| O|  |TAMS 0x0000000752800000, 0x0000000752600000| Untracked 
|   1|0x0000000752800000, 0x0000000752a00000, 0x0000000752a00000|100%| O|  |TAMS 0x0000000752a00000, 0x0000000752800000| Untracked 
|   2|0x0000000752a00000, 0x0000000752c00000, 0x0000000752c00000|100%| O|  |TAMS 0x0000000752c00000, 0x0000000752a00000| Untracked 
|   3|0x0000000752c00000, 0x0000000752e00000, 0x0000000752e00000|100%| O|  |TAMS 0x0000000752e00000, 0x0000000752c00000| Untracked 
|   4|0x0000000752e00000, 0x0000000753000000, 0x0000000753000000|100%| O|  |TAMS 0x0000000753000000, 0x0000000752e00000| Untracked 
|   5|0x0000000753000000, 0x0000000753200000, 0x0000000753200000|100%| O|  |TAMS 0x0000000753200000, 0x0000000753000000| Untracked 
|   6|0x0000000753200000, 0x0000000753400000, 0x0000000753400000|100%| O|  |TAMS 0x0000000753400000, 0x0000000753200000| Untracked 
|   7|0x0000000753400000, 0x0000000753600000, 0x0000000753600000|100%| O|  |TAMS 0x0000000753600000, 0x0000000753400000| Untracked 
|   8|0x0000000753600000, 0x0000000753800000, 0x0000000753800000|100%| O|  |TAMS 0x0000000753800000, 0x0000000753600000| Untracked 
|   9|0x0000000753800000, 0x0000000753a00000, 0x0000000753a00000|100%| O|  |TAMS 0x0000000753a00000, 0x0000000753800000| Untracked 
|  10|0x0000000753a00000, 0x0000000753c00000, 0x0000000753c00000|100%| O|  |TAMS 0x0000000753c00000, 0x0000000753a00000| Untracked 
|  11|0x0000000753c00000, 0x0000000753e00000, 0x0000000753e00000|100%| O|  |TAMS 0x0000000753e00000, 0x0000000753c00000| Untracked 
|  12|0x0000000753e00000, 0x0000000754000000, 0x0000000754000000|100%| O|  |TAMS 0x0000000754000000, 0x0000000753e00000| Untracked 
|  13|0x0000000754000000, 0x0000000754200000, 0x0000000754200000|100%| O|  |TAMS 0x0000000754200000, 0x0000000754000000| Untracked 
|  14|0x0000000754200000, 0x0000000754400000, 0x0000000754400000|100%| O|  |TAMS 0x0000000754400000, 0x0000000754200000| Untracked 
|  15|0x0000000754400000, 0x0000000754600000, 0x0000000754600000|100%| O|  |TAMS 0x0000000754600000, 0x0000000754400000| Untracked 
|  16|0x0000000754600000, 0x0000000754800000, 0x0000000754800000|100%| O|  |TAMS 0x0000000754800000, 0x0000000754600000| Untracked 
|  17|0x0000000754800000, 0x0000000754a00000, 0x0000000754a00000|100%| O|  |TAMS 0x0000000754a00000, 0x0000000754800000| Untracked 
|  18|0x0000000754a00000, 0x0000000754c00000, 0x0000000754c00000|100%| O|  |TAMS 0x0000000754c00000, 0x0000000754a00000| Untracked 
|  19|0x0000000754c00000, 0x0000000754e00000, 0x0000000754e00000|100%| O|  |TAMS 0x0000000754e00000, 0x0000000754c00000| Untracked 
|  20|0x0000000754e00000, 0x0000000755000000, 0x0000000755000000|100%| O|  |TAMS 0x0000000755000000, 0x0000000754e00000| Untracked 
|  21|0x0000000755000000, 0x0000000755200000, 0x0000000755200000|100%| O|  |TAMS 0x0000000755200000, 0x0000000755000000| Untracked 
|  22|0x0000000755200000, 0x0000000755400000, 0x0000000755400000|100%| O|  |TAMS 0x0000000755305a00, 0x0000000755200000| Untracked 
|  23|0x0000000755400000, 0x00000007554c2000, 0x0000000755600000| 37%| O|  |TAMS 0x0000000755400000, 0x0000000755400000| Untracked 
|  24|0x0000000755600000, 0x0000000755800000, 0x0000000755800000|100%| O|  |TAMS 0x0000000755600000, 0x0000000755600000| Untracked 
|  25|0x0000000755800000, 0x0000000755a00000, 0x0000000755a00000|100%| O|  |TAMS 0x0000000755800000, 0x0000000755800000| Untracked 
|  26|0x0000000755a00000, 0x0000000755c00000, 0x0000000755c00000|100%| O|  |TAMS 0x0000000755a00000, 0x0000000755a00000| Untracked 
|  27|0x0000000755c00000, 0x0000000755e00000, 0x0000000755e00000|100%| O|  |TAMS 0x0000000755c00000, 0x0000000755c00000| Untracked 
|  28|0x0000000755e00000, 0x0000000756000000, 0x0000000756000000|100%| O|  |TAMS 0x0000000755e00000, 0x0000000755e00000| Untracked 
|  29|0x0000000756000000, 0x0000000756200000, 0x0000000756200000|100%| O|  |TAMS 0x0000000756000000, 0x0000000756000000| Untracked 
|  30|0x0000000756200000, 0x0000000756400000, 0x0000000756400000|100%| O|  |TAMS 0x0000000756200000, 0x0000000756200000| Untracked 
|  31|0x0000000756400000, 0x0000000756600000, 0x0000000756600000|100%| O|  |TAMS 0x0000000756400000, 0x0000000756400000| Untracked 
|  32|0x0000000756600000, 0x0000000756800000, 0x0000000756800000|100%| O|  |TAMS 0x0000000756600000, 0x0000000756600000| Untracked 
|  33|0x0000000756800000, 0x0000000756a00000, 0x0000000756a00000|100%| O|  |TAMS 0x0000000756800000, 0x0000000756800000| Untracked 
|  34|0x0000000756a00000, 0x0000000756c00000, 0x0000000756c00000|100%| O|  |TAMS 0x0000000756a00000, 0x0000000756a00000| Untracked 
|  35|0x0000000756c00000, 0x0000000756e00000, 0x0000000756e00000|100%|HS|  |TAMS 0x0000000756c00000, 0x0000000756c00000| Complete 
|  36|0x0000000756e00000, 0x0000000757000000, 0x0000000757000000|100%| O|  |TAMS 0x0000000756e00000, 0x0000000756e00000| Untracked 
|  37|0x0000000757000000, 0x0000000757200000, 0x0000000757200000|100%| O|  |TAMS 0x0000000757000000, 0x0000000757000000| Untracked 
|  38|0x0000000757200000, 0x0000000757400000, 0x0000000757400000|100%| O|  |TAMS 0x0000000757200000, 0x0000000757200000| Untracked 
|  39|0x0000000757400000, 0x0000000757600000, 0x0000000757600000|100%| O|  |TAMS 0x0000000757400000, 0x0000000757400000| Untracked 
|  40|0x0000000757600000, 0x0000000757800000, 0x0000000757800000|100%| O|  |TAMS 0x0000000757600000, 0x0000000757600000| Untracked 
|  41|0x0000000757800000, 0x0000000757a00000, 0x0000000757a00000|100%| O|  |TAMS 0x0000000757800000, 0x0000000757800000| Untracked 
|  42|0x0000000757a00000, 0x0000000757c00000, 0x0000000757c00000|100%| O|  |TAMS 0x0000000757a00000, 0x0000000757a00000| Untracked 
|  43|0x0000000757c00000, 0x0000000757e00000, 0x0000000757e00000|100%| O|  |TAMS 0x0000000757c00000, 0x0000000757c00000| Untracked 
|  44|0x0000000757e00000, 0x0000000758000000, 0x0000000758000000|100%| O|  |TAMS 0x0000000757e00000, 0x0000000757e00000| Untracked 
|  45|0x0000000758000000, 0x0000000758200000, 0x0000000758200000|100%| O|  |TAMS 0x0000000758000000, 0x0000000758000000| Untracked 
|  46|0x0000000758200000, 0x0000000758400000, 0x0000000758400000|100%| O|  |TAMS 0x0000000758200000, 0x0000000758200000| Untracked 
|  47|0x0000000758400000, 0x0000000758600000, 0x0000000758600000|100%| O|  |TAMS 0x0000000758400000, 0x0000000758400000| Untracked 
|  48|0x0000000758600000, 0x0000000758800000, 0x0000000758800000|100%| O|  |TAMS 0x0000000758600000, 0x0000000758600000| Untracked 
|  49|0x0000000758800000, 0x0000000758a00000, 0x0000000758a00000|100%| O|  |TAMS 0x0000000758800000, 0x0000000758800000| Untracked 
|  50|0x0000000758a00000, 0x0000000758c00000, 0x0000000758c00000|100%| O|  |TAMS 0x0000000758a00000, 0x0000000758a00000| Untracked 
|  51|0x0000000758c00000, 0x0000000758e00000, 0x0000000758e00000|100%| O|  |TAMS 0x0000000758c00000, 0x0000000758c00000| Untracked 
|  52|0x0000000758e00000, 0x0000000759000000, 0x0000000759000000|100%| O|  |TAMS 0x0000000758e00000, 0x0000000758e00000| Untracked 
|  53|0x0000000759000000, 0x0000000759200000, 0x0000000759200000|100%| O|  |TAMS 0x0000000759000000, 0x0000000759000000| Untracked 
|  54|0x0000000759200000, 0x0000000759400000, 0x0000000759400000|100%| O|  |TAMS 0x0000000759200000, 0x0000000759200000| Untracked 
|  55|0x0000000759400000, 0x0000000759600000, 0x0000000759600000|100%| O|  |TAMS 0x0000000759400000, 0x0000000759400000| Untracked 
|  56|0x0000000759600000, 0x0000000759800000, 0x0000000759800000|100%| O|  |TAMS 0x0000000759600000, 0x0000000759600000| Untracked 
|  57|0x0000000759800000, 0x0000000759a00000, 0x0000000759a00000|100%| O|  |TAMS 0x0000000759800000, 0x0000000759800000| Untracked 
|  58|0x0000000759a00000, 0x0000000759c00000, 0x0000000759c00000|100%| O|  |TAMS 0x0000000759a00000, 0x0000000759a00000| Untracked 
|  59|0x0000000759c00000, 0x0000000759e00000, 0x0000000759e00000|100%| O|  |TAMS 0x0000000759c00000, 0x0000000759c00000| Untracked 
|  60|0x0000000759e00000, 0x000000075a000000, 0x000000075a000000|100%|HS|  |TAMS 0x0000000759e00000, 0x0000000759e00000| Complete 
|  61|0x000000075a000000, 0x000000075a200000, 0x000000075a200000|100%| O|  |TAMS 0x000000075a000000, 0x000000075a000000| Untracked 
|  62|0x000000075a200000, 0x000000075a400000, 0x000000075a400000|100%| O|  |TAMS 0x000000075a200000, 0x000000075a200000| Untracked 
|  63|0x000000075a400000, 0x000000075a600000, 0x000000075a600000|100%| O|  |TAMS 0x000000075a400000, 0x000000075a400000| Untracked 
|  64|0x000000075a600000, 0x000000075a800000, 0x000000075a800000|100%| O|  |TAMS 0x000000075a600000, 0x000000075a600000| Untracked 
|  65|0x000000075a800000, 0x000000075aa00000, 0x000000075aa00000|100%| O|  |TAMS 0x000000075a800000, 0x000000075a800000| Untracked 
|  66|0x000000075aa00000, 0x000000075ac00000, 0x000000075ac00000|100%| O|  |TAMS 0x000000075aa00000, 0x000000075aa00000| Untracked 
|  67|0x000000075ac00000, 0x000000075ae00000, 0x000000075ae00000|100%| O|  |TAMS 0x000000075ac00000, 0x000000075ac00000| Untracked 
|  68|0x000000075ae00000, 0x000000075b000000, 0x000000075b000000|100%| O|  |TAMS 0x000000075ae00000, 0x000000075ae00000| Untracked 
|  69|0x000000075b000000, 0x000000075b200000, 0x000000075b200000|100%| O|  |TAMS 0x000000075b000000, 0x000000075b000000| Untracked 
|  70|0x000000075b200000, 0x000000075b400000, 0x000000075b400000|100%| O|  |TAMS 0x000000075b200000, 0x000000075b200000| Untracked 
|  71|0x000000075b400000, 0x000000075b600000, 0x000000075b600000|100%| O|  |TAMS 0x000000075b400000, 0x000000075b400000| Untracked 
|  72|0x000000075b600000, 0x000000075b800000, 0x000000075b800000|100%| O|  |TAMS 0x000000075b600000, 0x000000075b600000| Untracked 
|  73|0x000000075b800000, 0x000000075ba00000, 0x000000075ba00000|100%| O|  |TAMS 0x000000075b800000, 0x000000075b800000| Untracked 
|  74|0x000000075ba00000, 0x000000075bc00000, 0x000000075bc00000|100%| O|  |TAMS 0x000000075ba00000, 0x000000075ba00000| Untracked 
|  75|0x000000075bc00000, 0x000000075be00000, 0x000000075be00000|100%| O|  |TAMS 0x000000075bc00000, 0x000000075bc00000| Untracked 
|  76|0x000000075be00000, 0x000000075c000000, 0x000000075c000000|100%| O|  |TAMS 0x000000075be00000, 0x000000075be00000| Untracked 
|  77|0x000000075c000000, 0x000000075c200000, 0x000000075c200000|100%| O|  |TAMS 0x000000075c000000, 0x000000075c000000| Untracked 
|  78|0x000000075c200000, 0x000000075c400000, 0x000000075c400000|100%| O|  |TAMS 0x000000075c200000, 0x000000075c200000| Untracked 
|  79|0x000000075c400000, 0x000000075c600000, 0x000000075c600000|100%| O|  |TAMS 0x000000075c400000, 0x000000075c400000| Untracked 
|  80|0x000000075c600000, 0x000000075c800000, 0x000000075c800000|100%| O|  |TAMS 0x000000075c600000, 0x000000075c600000| Untracked 
|  81|0x000000075c800000, 0x000000075ca00000, 0x000000075ca00000|100%| O|  |TAMS 0x000000075c800000, 0x000000075c800000| Untracked 
|  82|0x000000075ca00000, 0x000000075cc00000, 0x000000075cc00000|100%| O|  |TAMS 0x000000075ca00000, 0x000000075ca00000| Untracked 
|  83|0x000000075cc00000, 0x000000075ce00000, 0x000000075ce00000|100%| O|  |TAMS 0x000000075cc00000, 0x000000075cc00000| Untracked 
|  84|0x000000075ce00000, 0x000000075d000000, 0x000000075d000000|100%| O|  |TAMS 0x000000075ce00000, 0x000000075ce00000| Untracked 
|  85|0x000000075d000000, 0x000000075d200000, 0x000000075d200000|100%| O|  |TAMS 0x000000075d000000, 0x000000075d000000| Untracked 
|  86|0x000000075d200000, 0x000000075d400000, 0x000000075d400000|100%| O|  |TAMS 0x000000075d200000, 0x000000075d200000| Untracked 
|  87|0x000000075d400000, 0x000000075d600000, 0x000000075d600000|100%| O|  |TAMS 0x000000075d400000, 0x000000075d400000| Untracked 
|  88|0x000000075d600000, 0x000000075d800000, 0x000000075d800000|100%| O|  |TAMS 0x000000075d600000, 0x000000075d600000| Untracked 
|  89|0x000000075d800000, 0x000000075da00000, 0x000000075da00000|100%| O|  |TAMS 0x000000075d800000, 0x000000075d800000| Untracked 
|  90|0x000000075da00000, 0x000000075dc00000, 0x000000075dc00000|100%| O|  |TAMS 0x000000075da00000, 0x000000075da00000| Untracked 
|  91|0x000000075dc00000, 0x000000075de00000, 0x000000075de00000|100%| O|  |TAMS 0x000000075dc00000, 0x000000075dc00000| Untracked 
|  92|0x000000075de00000, 0x000000075e000000, 0x000000075e000000|100%| O|  |TAMS 0x000000075de00000, 0x000000075de00000| Untracked 
|  93|0x000000075e000000, 0x000000075e200000, 0x000000075e200000|100%| O|  |TAMS 0x000000075e000000, 0x000000075e000000| Untracked 
|  94|0x000000075e200000, 0x000000075e400000, 0x000000075e400000|100%| O|  |TAMS 0x000000075e200000, 0x000000075e200000| Untracked 
|  95|0x000000075e400000, 0x000000075e600000, 0x000000075e600000|100%| O|  |TAMS 0x000000075e400000, 0x000000075e400000| Untracked 
|  96|0x000000075e600000, 0x000000075e800000, 0x000000075e800000|100%| O|  |TAMS 0x000000075e600000, 0x000000075e600000| Untracked 
|  97|0x000000075e800000, 0x000000075ea00000, 0x000000075ea00000|100%| O|  |TAMS 0x000000075e800000, 0x000000075e800000| Untracked 
|  98|0x000000075ea00000, 0x000000075ec00000, 0x000000075ec00000|100%| O|  |TAMS 0x000000075ea00000, 0x000000075ea00000| Untracked 
|  99|0x000000075ec00000, 0x000000075ee00000, 0x000000075ee00000|100%| O|  |TAMS 0x000000075ec00000, 0x000000075ec00000| Untracked 
| 100|0x000000075ee00000, 0x000000075f000000, 0x000000075f000000|100%| O|  |TAMS 0x000000075ee00000, 0x000000075ee00000| Untracked 
| 101|0x000000075f000000, 0x000000075f200000, 0x000000075f200000|100%| O|  |TAMS 0x000000075f000000, 0x000000075f000000| Untracked 
| 102|0x000000075f200000, 0x000000075f400000, 0x000000075f400000|100%| O|  |TAMS 0x000000075f200000, 0x000000075f200000| Untracked 
| 103|0x000000075f400000, 0x000000075f600000, 0x000000075f600000|100%| O|  |TAMS 0x000000075f400000, 0x000000075f400000| Untracked 
| 104|0x000000075f600000, 0x000000075f800000, 0x000000075f800000|100%|HS|  |TAMS 0x000000075f600000, 0x000000075f600000| Complete 
| 105|0x000000075f800000, 0x000000075fa00000, 0x000000075fa00000|100%| O|  |TAMS 0x000000075f800000, 0x000000075f800000| Untracked 
| 106|0x000000075fa00000, 0x000000075fc00000, 0x000000075fc00000|100%| O|  |TAMS 0x000000075fa00000, 0x000000075fa00000| Untracked 
| 107|0x000000075fc00000, 0x000000075fe00000, 0x000000075fe00000|100%| O|  |TAMS 0x000000075fc00000, 0x000000075fc00000| Untracked 
| 108|0x000000075fe00000, 0x0000000760000000, 0x0000000760000000|100%| O|  |TAMS 0x000000075fe00000, 0x000000075fe00000| Untracked 
| 109|0x0000000760000000, 0x0000000760200000, 0x0000000760200000|100%| O|  |TAMS 0x0000000760000000, 0x0000000760000000| Untracked 
| 110|0x0000000760200000, 0x0000000760400000, 0x0000000760400000|100%| O|  |TAMS 0x0000000760200000, 0x0000000760200000| Untracked 
| 111|0x0000000760400000, 0x0000000760600000, 0x0000000760600000|100%| O|  |TAMS 0x0000000760400000, 0x0000000760400000| Untracked 
| 112|0x0000000760600000, 0x0000000760800000, 0x0000000760800000|100%| O|  |TAMS 0x0000000760600000, 0x0000000760600000| Untracked 
| 113|0x0000000760800000, 0x0000000760a00000, 0x0000000760a00000|100%| O|  |TAMS 0x0000000760800000, 0x0000000760800000| Untracked 
| 114|0x0000000760a00000, 0x0000000760c00000, 0x0000000760c00000|100%| O|  |TAMS 0x0000000760a00000, 0x0000000760a00000| Untracked 
| 115|0x0000000760c00000, 0x0000000760e00000, 0x0000000760e00000|100%| O|  |TAMS 0x0000000760c00000, 0x0000000760c00000| Untracked 
| 116|0x0000000760e00000, 0x0000000761000000, 0x0000000761000000|100%| O|  |TAMS 0x0000000760e00000, 0x0000000760e00000| Untracked 
| 117|0x0000000761000000, 0x0000000761200000, 0x0000000761200000|100%| O|  |TAMS 0x0000000761000000, 0x0000000761000000| Untracked 
| 118|0x0000000761200000, 0x0000000761400000, 0x0000000761400000|100%| O|  |TAMS 0x0000000761200000, 0x0000000761200000| Untracked 
| 119|0x0000000761400000, 0x0000000761600000, 0x0000000761600000|100%| O|  |TAMS 0x0000000761400000, 0x0000000761400000| Untracked 
| 120|0x0000000761600000, 0x0000000761800000, 0x0000000761800000|100%| O|  |TAMS 0x0000000761600000, 0x0000000761600000| Untracked 
| 121|0x0000000761800000, 0x0000000761a00000, 0x0000000761a00000|100%| O|  |TAMS 0x0000000761800000, 0x0000000761800000| Untracked 
| 122|0x0000000761a00000, 0x0000000761c00000, 0x0000000761c00000|100%| O|  |TAMS 0x0000000761a00000, 0x0000000761a00000| Untracked 
| 123|0x0000000761c00000, 0x0000000761e00000, 0x0000000761e00000|100%| O|  |TAMS 0x0000000761c00000, 0x0000000761c00000| Untracked 
| 124|0x0000000761e00000, 0x0000000762000000, 0x0000000762000000|100%| O|  |TAMS 0x0000000761e00000, 0x0000000761e00000| Untracked 
| 125|0x0000000762000000, 0x0000000762200000, 0x0000000762200000|100%| O|  |TAMS 0x0000000762000000, 0x0000000762000000| Untracked 
| 126|0x0000000762200000, 0x0000000762400000, 0x0000000762400000|100%| O|  |TAMS 0x0000000762200000, 0x0000000762200000| Untracked 
| 127|0x0000000762400000, 0x0000000762600000, 0x0000000762600000|100%| O|  |TAMS 0x0000000762400000, 0x0000000762400000| Untracked 
| 128|0x0000000762600000, 0x0000000762800000, 0x0000000762800000|100%| O|  |TAMS 0x0000000762600000, 0x0000000762600000| Untracked 
| 129|0x0000000762800000, 0x0000000762a00000, 0x0000000762a00000|100%| O|  |TAMS 0x0000000762800000, 0x0000000762800000| Untracked 
| 130|0x0000000762a00000, 0x0000000762c00000, 0x0000000762c00000|100%| O|  |TAMS 0x0000000762a00000, 0x0000000762a00000| Untracked 
| 131|0x0000000762c00000, 0x0000000762e00000, 0x0000000762e00000|100%| O|  |TAMS 0x0000000762c00000, 0x0000000762c00000| Untracked 
| 132|0x0000000762e00000, 0x0000000763000000, 0x0000000763000000|100%| O|  |TAMS 0x0000000762e00000, 0x0000000762e00000| Untracked 
| 133|0x0000000763000000, 0x0000000763200000, 0x0000000763200000|100%| O|  |TAMS 0x0000000763000000, 0x0000000763000000| Untracked 
| 134|0x0000000763200000, 0x0000000763400000, 0x0000000763400000|100%| O|  |TAMS 0x0000000763200000, 0x0000000763200000| Untracked 
| 135|0x0000000763400000, 0x0000000763600000, 0x0000000763600000|100%| O|  |TAMS 0x0000000763400000, 0x0000000763400000| Untracked 
| 136|0x0000000763600000, 0x0000000763800000, 0x0000000763800000|100%| O|  |TAMS 0x0000000763600000, 0x0000000763600000| Untracked 
| 137|0x0000000763800000, 0x0000000763a00000, 0x0000000763a00000|100%| O|  |TAMS 0x0000000763800000, 0x0000000763800000| Untracked 
| 138|0x0000000763a00000, 0x0000000763c00000, 0x0000000763c00000|100%| O|  |TAMS 0x0000000763a00000, 0x0000000763a00000| Untracked 
| 139|0x0000000763c00000, 0x0000000763e00000, 0x0000000763e00000|100%| O|  |TAMS 0x0000000763c00000, 0x0000000763c00000| Untracked 
| 140|0x0000000763e00000, 0x0000000764000000, 0x0000000764000000|100%| O|  |TAMS 0x0000000763e00000, 0x0000000763e00000| Untracked 
| 141|0x0000000764000000, 0x0000000764200000, 0x0000000764200000|100%| O|  |TAMS 0x0000000764000000, 0x0000000764000000| Untracked 
| 142|0x0000000764200000, 0x0000000764400000, 0x0000000764400000|100%| O|  |TAMS 0x0000000764200000, 0x0000000764200000| Untracked 
| 143|0x0000000764400000, 0x0000000764600000, 0x0000000764600000|100%| O|  |TAMS 0x0000000764400000, 0x0000000764400000| Untracked 
| 144|0x0000000764600000, 0x0000000764800000, 0x0000000764800000|100%| O|  |TAMS 0x0000000764600000, 0x0000000764600000| Untracked 
| 145|0x0000000764800000, 0x0000000764a00000, 0x0000000764a00000|100%| O|  |TAMS 0x0000000764800000, 0x0000000764800000| Untracked 
| 146|0x0000000764a00000, 0x0000000764c00000, 0x0000000764c00000|100%| O|  |TAMS 0x0000000764a00000, 0x0000000764a00000| Untracked 
| 147|0x0000000764c00000, 0x0000000764e00000, 0x0000000764e00000|100%| O|  |TAMS 0x0000000764c00000, 0x0000000764c00000| Untracked 
| 148|0x0000000764e00000, 0x0000000765000000, 0x0000000765000000|100%| O|  |TAMS 0x0000000764e00000, 0x0000000764e00000| Untracked 
| 149|0x0000000765000000, 0x0000000765200000, 0x0000000765200000|100%| O|  |TAMS 0x0000000765000000, 0x0000000765000000| Untracked 
| 150|0x0000000765200000, 0x0000000765400000, 0x0000000765400000|100%|HS|  |TAMS 0x0000000765200000, 0x0000000765200000| Complete 
| 151|0x0000000765400000, 0x0000000765600000, 0x0000000765600000|100%|HC|  |TAMS 0x0000000765400000, 0x0000000765400000| Complete 
| 152|0x0000000765600000, 0x0000000765800000, 0x0000000765800000|100%| O|  |TAMS 0x0000000765600000, 0x0000000765600000| Untracked 
| 153|0x0000000765800000, 0x0000000765a00000, 0x0000000765a00000|100%| O|  |TAMS 0x0000000765800000, 0x0000000765800000| Untracked 
| 154|0x0000000765a00000, 0x0000000765c00000, 0x0000000765c00000|100%| O|  |TAMS 0x0000000765a00000, 0x0000000765a00000| Untracked 
| 155|0x0000000765c00000, 0x0000000765e00000, 0x0000000765e00000|100%| O|  |TAMS 0x0000000765c00000, 0x0000000765c00000| Untracked 
| 156|0x0000000765e00000, 0x0000000766000000, 0x0000000766000000|100%| O|  |TAMS 0x0000000765e00000, 0x0000000765e00000| Untracked 
| 157|0x0000000766000000, 0x0000000766200000, 0x0000000766200000|100%| O|  |TAMS 0x0000000766000000, 0x0000000766000000| Untracked 
| 158|0x0000000766200000, 0x0000000766400000, 0x0000000766400000|100%| O|  |TAMS 0x0000000766200000, 0x0000000766200000| Untracked 
| 159|0x0000000766400000, 0x0000000766600000, 0x0000000766600000|100%| O|  |TAMS 0x0000000766400000, 0x0000000766400000| Untracked 
| 160|0x0000000766600000, 0x0000000766800000, 0x0000000766800000|100%| O|  |TAMS 0x0000000766600000, 0x0000000766600000| Untracked 
| 161|0x0000000766800000, 0x0000000766a00000, 0x0000000766a00000|100%| O|  |TAMS 0x0000000766800000, 0x0000000766800000| Untracked 
| 162|0x0000000766a00000, 0x0000000766c00000, 0x0000000766c00000|100%| O|  |TAMS 0x0000000766a00000, 0x0000000766a00000| Untracked 
| 163|0x0000000766c00000, 0x0000000766e00000, 0x0000000766e00000|100%| O|  |TAMS 0x0000000766c00000, 0x0000000766c00000| Untracked 
| 164|0x0000000766e00000, 0x0000000767000000, 0x0000000767000000|100%| O|  |TAMS 0x0000000766e00000, 0x0000000766e00000| Untracked 
| 165|0x0000000767000000, 0x0000000767200000, 0x0000000767200000|100%| O|  |TAMS 0x0000000767000000, 0x0000000767000000| Untracked 
| 166|0x0000000767200000, 0x0000000767400000, 0x0000000767400000|100%| O|  |TAMS 0x0000000767200000, 0x0000000767200000| Untracked 
| 167|0x0000000767400000, 0x0000000767600000, 0x0000000767600000|100%| O|  |TAMS 0x0000000767400000, 0x0000000767400000| Untracked 
| 168|0x0000000767600000, 0x0000000767800000, 0x0000000767800000|100%| O|  |TAMS 0x0000000767600000, 0x0000000767600000| Untracked 
| 169|0x0000000767800000, 0x0000000767a00000, 0x0000000767a00000|100%| O|  |TAMS 0x0000000767800000, 0x0000000767800000| Untracked 
| 170|0x0000000767a00000, 0x0000000767c00000, 0x0000000767c00000|100%| O|  |TAMS 0x0000000767a00000, 0x0000000767a00000| Untracked 
| 171|0x0000000767c00000, 0x0000000767e00000, 0x0000000767e00000|100%| O|  |TAMS 0x0000000767c00000, 0x0000000767c00000| Untracked 
| 172|0x0000000767e00000, 0x0000000768000000, 0x0000000768000000|100%| O|  |TAMS 0x0000000767e00000, 0x0000000767e00000| Untracked 
| 173|0x0000000768000000, 0x0000000768200000, 0x0000000768200000|100%| O|  |TAMS 0x0000000768000000, 0x0000000768000000| Untracked 
| 174|0x0000000768200000, 0x0000000768400000, 0x0000000768400000|100%| O|  |TAMS 0x0000000768200000, 0x0000000768200000| Untracked 
| 175|0x0000000768400000, 0x0000000768600000, 0x0000000768600000|100%| O|  |TAMS 0x0000000768400000, 0x0000000768400000| Untracked 
| 176|0x0000000768600000, 0x0000000768800000, 0x0000000768800000|100%| O|  |TAMS 0x0000000768600000, 0x0000000768600000| Untracked 
| 177|0x0000000768800000, 0x0000000768a00000, 0x0000000768a00000|100%| O|  |TAMS 0x0000000768800000, 0x0000000768800000| Untracked 
| 178|0x0000000768a00000, 0x0000000768c00000, 0x0000000768c00000|100%| O|  |TAMS 0x0000000768a00000, 0x0000000768a00000| Untracked 
| 179|0x0000000768c00000, 0x0000000768e00000, 0x0000000768e00000|100%| O|  |TAMS 0x0000000768c00000, 0x0000000768c00000| Untracked 
| 180|0x0000000768e00000, 0x0000000769000000, 0x0000000769000000|100%| O|  |TAMS 0x0000000768e00000, 0x0000000768e00000| Untracked 
| 181|0x0000000769000000, 0x0000000769200000, 0x0000000769200000|100%| O|  |TAMS 0x0000000769000000, 0x0000000769000000| Untracked 
| 182|0x0000000769200000, 0x0000000769400000, 0x0000000769400000|100%| O|  |TAMS 0x0000000769200000, 0x0000000769200000| Untracked 
| 183|0x0000000769400000, 0x0000000769600000, 0x0000000769600000|100%| O|  |TAMS 0x0000000769400000, 0x0000000769400000| Untracked 
| 184|0x0000000769600000, 0x0000000769800000, 0x0000000769800000|100%| O|  |TAMS 0x0000000769600000, 0x0000000769600000| Untracked 
| 185|0x0000000769800000, 0x0000000769a00000, 0x0000000769a00000|100%| O|  |TAMS 0x0000000769800000, 0x0000000769800000| Untracked 
| 186|0x0000000769a00000, 0x0000000769c00000, 0x0000000769c00000|100%| O|  |TAMS 0x0000000769a00000, 0x0000000769a00000| Untracked 
| 187|0x0000000769c00000, 0x0000000769e00000, 0x0000000769e00000|100%| O|  |TAMS 0x0000000769c00000, 0x0000000769c00000| Untracked 
| 188|0x0000000769e00000, 0x000000076a000000, 0x000000076a000000|100%| O|  |TAMS 0x0000000769e00000, 0x0000000769e00000| Untracked 
| 189|0x000000076a000000, 0x000000076a200000, 0x000000076a200000|100%| O|  |TAMS 0x000000076a000000, 0x000000076a000000| Untracked 
| 190|0x000000076a200000, 0x000000076a400000, 0x000000076a400000|100%| O|  |TAMS 0x000000076a200000, 0x000000076a200000| Untracked 
| 191|0x000000076a400000, 0x000000076a600000, 0x000000076a600000|100%| O|  |TAMS 0x000000076a400000, 0x000000076a400000| Untracked 
| 192|0x000000076a600000, 0x000000076a800000, 0x000000076a800000|100%| O|  |TAMS 0x000000076a600000, 0x000000076a600000| Untracked 
| 193|0x000000076a800000, 0x000000076aa00000, 0x000000076aa00000|100%| O|  |TAMS 0x000000076a800000, 0x000000076a800000| Untracked 
| 194|0x000000076aa00000, 0x000000076ac00000, 0x000000076ac00000|100%| O|  |TAMS 0x000000076aa00000, 0x000000076aa00000| Untracked 
| 195|0x000000076ac00000, 0x000000076ae00000, 0x000000076ae00000|100%|HS|  |TAMS 0x000000076ac00000, 0x000000076ac00000| Complete 
| 196|0x000000076ae00000, 0x000000076b000000, 0x000000076b000000|100%| O|  |TAMS 0x000000076ae00000, 0x000000076ae00000| Untracked 
| 197|0x000000076b000000, 0x000000076b200000, 0x000000076b200000|100%| O|  |TAMS 0x000000076b000000, 0x000000076b000000| Untracked 
| 198|0x000000076b200000, 0x000000076b400000, 0x000000076b400000|100%| O|  |TAMS 0x000000076b200000, 0x000000076b200000| Untracked 
| 199|0x000000076b400000, 0x000000076b600000, 0x000000076b600000|100%| O|  |TAMS 0x000000076b400000, 0x000000076b400000| Untracked 
| 200|0x000000076b600000, 0x000000076b800000, 0x000000076b800000|100%| O|  |TAMS 0x000000076b600000, 0x000000076b600000| Untracked 
| 201|0x000000076b800000, 0x000000076ba00000, 0x000000076ba00000|100%| O|  |TAMS 0x000000076b800000, 0x000000076b800000| Untracked 
| 202|0x000000076ba00000, 0x000000076bc00000, 0x000000076bc00000|100%| O|  |TAMS 0x000000076ba00000, 0x000000076ba00000| Untracked 
| 203|0x000000076bc00000, 0x000000076be00000, 0x000000076be00000|100%| O|  |TAMS 0x000000076bc00000, 0x000000076bc00000| Untracked 
| 204|0x000000076be00000, 0x000000076c000000, 0x000000076c000000|100%| O|  |TAMS 0x000000076be00000, 0x000000076be00000| Untracked 
| 205|0x000000076c000000, 0x000000076c200000, 0x000000076c200000|100%| O|  |TAMS 0x000000076c000000, 0x000000076c000000| Untracked 
| 206|0x000000076c200000, 0x000000076c400000, 0x000000076c400000|100%| O|  |TAMS 0x000000076c200000, 0x000000076c200000| Untracked 
| 207|0x000000076c400000, 0x000000076c600000, 0x000000076c600000|100%| O|  |TAMS 0x000000076c400000, 0x000000076c400000| Untracked 
| 208|0x000000076c600000, 0x000000076c800000, 0x000000076c800000|100%| O|  |TAMS 0x000000076c600000, 0x000000076c600000| Untracked 
| 209|0x000000076c800000, 0x000000076ca00000, 0x000000076ca00000|100%| O|  |TAMS 0x000000076c800000, 0x000000076c800000| Untracked 
| 210|0x000000076ca00000, 0x000000076cc00000, 0x000000076cc00000|100%| O|  |TAMS 0x000000076ca00000, 0x000000076ca00000| Untracked 
| 211|0x000000076cc00000, 0x000000076ce00000, 0x000000076ce00000|100%| O|  |TAMS 0x000000076cc00000, 0x000000076cc00000| Untracked 
| 212|0x000000076ce00000, 0x000000076d000000, 0x000000076d000000|100%| O|  |TAMS 0x000000076ce00000, 0x000000076ce00000| Untracked 
| 213|0x000000076d000000, 0x000000076d200000, 0x000000076d200000|100%| O|  |TAMS 0x000000076d000000, 0x000000076d000000| Untracked 
| 214|0x000000076d200000, 0x000000076d381400, 0x000000076d400000| 75%| O|  |TAMS 0x000000076d200000, 0x000000076d200000| Untracked 
| 215|0x000000076d400000, 0x000000076d400000, 0x000000076d600000|  0%| F|  |TAMS 0x000000076d400000, 0x000000076d400000| Untracked 
| 216|0x000000076d600000, 0x000000076d600000, 0x000000076d800000|  0%| F|  |TAMS 0x000000076d600000, 0x000000076d600000| Untracked 
| 217|0x000000076d800000, 0x000000076d800000, 0x000000076da00000|  0%| F|  |TAMS 0x000000076d800000, 0x000000076d800000| Untracked 
| 218|0x000000076da00000, 0x000000076da00000, 0x000000076dc00000|  0%| F|  |TAMS 0x000000076da00000, 0x000000076da00000| Untracked 
| 219|0x000000076dc00000, 0x000000076dc00000, 0x000000076de00000|  0%| F|  |TAMS 0x000000076dc00000, 0x000000076dc00000| Untracked 
| 220|0x000000076de00000, 0x000000076de00000, 0x000000076e000000|  0%| F|  |TAMS 0x000000076de00000, 0x000000076de00000| Untracked 
| 221|0x000000076e000000, 0x000000076e000000, 0x000000076e200000|  0%| F|  |TAMS 0x000000076e000000, 0x000000076e000000| Untracked 
| 222|0x000000076e200000, 0x000000076e200000, 0x000000076e400000|  0%| F|  |TAMS 0x000000076e200000, 0x000000076e200000| Untracked 
| 223|0x000000076e400000, 0x000000076e400000, 0x000000076e600000|  0%| F|  |TAMS 0x000000076e400000, 0x000000076e400000| Untracked 
| 224|0x000000076e600000, 0x000000076e600000, 0x000000076e800000|  0%| F|  |TAMS 0x000000076e600000, 0x000000076e600000| Untracked 
| 225|0x000000076e800000, 0x000000076e800000, 0x000000076ea00000|  0%| F|  |TAMS 0x000000076e800000, 0x000000076e800000| Untracked 
| 226|0x000000076ea00000, 0x000000076ea00000, 0x000000076ec00000|  0%| F|  |TAMS 0x000000076ea00000, 0x000000076ea00000| Untracked 
| 227|0x000000076ec00000, 0x000000076ec00000, 0x000000076ee00000|  0%| F|  |TAMS 0x000000076ec00000, 0x000000076ec00000| Untracked 
| 228|0x000000076ee00000, 0x000000076ee00000, 0x000000076f000000|  0%| F|  |TAMS 0x000000076ee00000, 0x000000076ee00000| Untracked 
| 229|0x000000076f000000, 0x000000076f000000, 0x000000076f200000|  0%| F|  |TAMS 0x000000076f000000, 0x000000076f000000| Untracked 
| 230|0x000000076f200000, 0x000000076f200000, 0x000000076f400000|  0%| F|  |TAMS 0x000000076f200000, 0x000000076f200000| Untracked 
| 231|0x000000076f400000, 0x000000076f400000, 0x000000076f600000|  0%| F|  |TAMS 0x000000076f400000, 0x000000076f400000| Untracked 
| 232|0x000000076f600000, 0x000000076f600000, 0x000000076f800000|  0%| F|  |TAMS 0x000000076f600000, 0x000000076f600000| Untracked 
| 233|0x000000076f800000, 0x000000076f800000, 0x000000076fa00000|  0%| F|  |TAMS 0x000000076f800000, 0x000000076f800000| Untracked 
| 234|0x000000076fa00000, 0x000000076fa00000, 0x000000076fc00000|  0%| F|  |TAMS 0x000000076fa00000, 0x000000076fa00000| Untracked 
| 235|0x000000076fc00000, 0x000000076fc00000, 0x000000076fe00000|  0%| F|  |TAMS 0x000000076fc00000, 0x000000076fc00000| Untracked 
| 236|0x000000076fe00000, 0x000000076fe00000, 0x0000000770000000|  0%| F|  |TAMS 0x000000076fe00000, 0x000000076fe00000| Untracked 
| 237|0x0000000770000000, 0x0000000770000000, 0x0000000770200000|  0%| F|  |TAMS 0x0000000770000000, 0x0000000770000000| Untracked 
| 238|0x0000000770200000, 0x0000000770200000, 0x0000000770400000|  0%| F|  |TAMS 0x0000000770200000, 0x0000000770200000| Untracked 
| 239|0x0000000770400000, 0x0000000770400000, 0x0000000770600000|  0%| F|  |TAMS 0x0000000770400000, 0x0000000770400000| Untracked 
| 240|0x0000000770600000, 0x0000000770600000, 0x0000000770800000|  0%| F|  |TAMS 0x0000000770600000, 0x0000000770600000| Untracked 
| 241|0x0000000770800000, 0x0000000770800000, 0x0000000770a00000|  0%| F|  |TAMS 0x0000000770800000, 0x0000000770800000| Untracked 
| 242|0x0000000770a00000, 0x0000000770a00000, 0x0000000770c00000|  0%| F|  |TAMS 0x0000000770a00000, 0x0000000770a00000| Untracked 
| 243|0x0000000770c00000, 0x0000000770c00000, 0x0000000770e00000|  0%| F|  |TAMS 0x0000000770c00000, 0x0000000770c00000| Untracked 
| 244|0x0000000770e00000, 0x0000000770e00000, 0x0000000771000000|  0%| F|  |TAMS 0x0000000770e00000, 0x0000000770e00000| Untracked 
| 245|0x0000000771000000, 0x0000000771000000, 0x0000000771200000|  0%| F|  |TAMS 0x0000000771000000, 0x0000000771000000| Untracked 
| 246|0x0000000771200000, 0x0000000771200000, 0x0000000771400000|  0%| F|  |TAMS 0x0000000771200000, 0x0000000771200000| Untracked 
| 247|0x0000000771400000, 0x0000000771400000, 0x0000000771600000|  0%| F|  |TAMS 0x0000000771400000, 0x0000000771400000| Untracked 
| 248|0x0000000771600000, 0x0000000771600000, 0x0000000771800000|  0%| F|  |TAMS 0x0000000771600000, 0x0000000771600000| Untracked 
| 249|0x0000000771800000, 0x0000000771800000, 0x0000000771a00000|  0%| F|  |TAMS 0x0000000771800000, 0x0000000771800000| Untracked 
| 250|0x0000000771a00000, 0x0000000771a00000, 0x0000000771c00000|  0%| F|  |TAMS 0x0000000771a00000, 0x0000000771a00000| Untracked 
| 251|0x0000000771c00000, 0x0000000771c00000, 0x0000000771e00000|  0%| F|  |TAMS 0x0000000771c00000, 0x0000000771c00000| Untracked 
| 252|0x0000000771e00000, 0x0000000771e00000, 0x0000000772000000|  0%| F|  |TAMS 0x0000000771e00000, 0x0000000771e00000| Untracked 
| 253|0x0000000772000000, 0x0000000772000000, 0x0000000772200000|  0%| F|  |TAMS 0x0000000772000000, 0x0000000772000000| Untracked 
| 254|0x0000000772200000, 0x0000000772200000, 0x0000000772400000|  0%| F|  |TAMS 0x0000000772200000, 0x0000000772200000| Untracked 
| 255|0x0000000772400000, 0x0000000772400000, 0x0000000772600000|  0%| F|  |TAMS 0x0000000772400000, 0x0000000772400000| Untracked 
| 256|0x0000000772600000, 0x0000000772600000, 0x0000000772800000|  0%| F|  |TAMS 0x0000000772600000, 0x0000000772600000| Untracked 
| 257|0x0000000772800000, 0x0000000772800000, 0x0000000772a00000|  0%| F|  |TAMS 0x0000000772800000, 0x0000000772800000| Untracked 
| 258|0x0000000772a00000, 0x0000000772a00000, 0x0000000772c00000|  0%| F|  |TAMS 0x0000000772a00000, 0x0000000772a00000| Untracked 
| 259|0x0000000772c00000, 0x0000000772c00000, 0x0000000772e00000|  0%| F|  |TAMS 0x0000000772c00000, 0x0000000772c00000| Untracked 
| 260|0x0000000772e00000, 0x0000000772e00000, 0x0000000773000000|  0%| F|  |TAMS 0x0000000772e00000, 0x0000000772e00000| Untracked 
| 261|0x0000000773000000, 0x0000000773000000, 0x0000000773200000|  0%| F|  |TAMS 0x0000000773000000, 0x0000000773000000| Untracked 
| 262|0x0000000773200000, 0x0000000773200000, 0x0000000773400000|  0%| F|  |TAMS 0x0000000773200000, 0x0000000773200000| Untracked 
| 263|0x0000000773400000, 0x0000000773400000, 0x0000000773600000|  0%| F|  |TAMS 0x0000000773400000, 0x0000000773400000| Untracked 
| 264|0x0000000773600000, 0x0000000773600000, 0x0000000773800000|  0%| F|  |TAMS 0x0000000773600000, 0x0000000773600000| Untracked 
| 265|0x0000000773800000, 0x0000000773800000, 0x0000000773a00000|  0%| F|  |TAMS 0x0000000773800000, 0x0000000773800000| Untracked 
| 266|0x0000000773a00000, 0x0000000773a00000, 0x0000000773c00000|  0%| F|  |TAMS 0x0000000773a00000, 0x0000000773a00000| Untracked 
| 267|0x0000000773c00000, 0x0000000773c00000, 0x0000000773e00000|  0%| F|  |TAMS 0x0000000773c00000, 0x0000000773c00000| Untracked 
| 268|0x0000000773e00000, 0x0000000773e00000, 0x0000000774000000|  0%| F|  |TAMS 0x0000000773e00000, 0x0000000773e00000| Untracked 
| 269|0x0000000774000000, 0x0000000774000000, 0x0000000774200000|  0%| F|  |TAMS 0x0000000774000000, 0x0000000774000000| Untracked 
| 270|0x0000000774200000, 0x0000000774200000, 0x0000000774400000|  0%| F|  |TAMS 0x0000000774200000, 0x0000000774200000| Untracked 
| 271|0x0000000774400000, 0x0000000774400000, 0x0000000774600000|  0%| F|  |TAMS 0x0000000774400000, 0x0000000774400000| Untracked 
| 272|0x0000000774600000, 0x0000000774600000, 0x0000000774800000|  0%| F|  |TAMS 0x0000000774600000, 0x0000000774600000| Untracked 
| 273|0x0000000774800000, 0x0000000774800000, 0x0000000774a00000|  0%| F|  |TAMS 0x0000000774800000, 0x0000000774800000| Untracked 
| 274|0x0000000774a00000, 0x0000000774a00000, 0x0000000774c00000|  0%| F|  |TAMS 0x0000000774a00000, 0x0000000774a00000| Untracked 
| 275|0x0000000774c00000, 0x0000000774c00000, 0x0000000774e00000|  0%| F|  |TAMS 0x0000000774c00000, 0x0000000774c00000| Untracked 
| 276|0x0000000774e00000, 0x0000000774e00000, 0x0000000775000000|  0%| F|  |TAMS 0x0000000774e00000, 0x0000000774e00000| Untracked 
| 277|0x0000000775000000, 0x0000000775000000, 0x0000000775200000|  0%| F|  |TAMS 0x0000000775000000, 0x0000000775000000| Untracked 
| 278|0x0000000775200000, 0x0000000775200000, 0x0000000775400000|  0%| F|  |TAMS 0x0000000775200000, 0x0000000775200000| Untracked 
| 279|0x0000000775400000, 0x0000000775600000, 0x0000000775600000|100%| S|CS|TAMS 0x0000000775400000, 0x0000000775400000| Complete 
| 280|0x0000000775600000, 0x0000000775800000, 0x0000000775800000|100%| S|CS|TAMS 0x0000000775600000, 0x0000000775600000| Complete 
| 281|0x0000000775800000, 0x0000000775a00000, 0x0000000775a00000|100%| S|CS|TAMS 0x0000000775800000, 0x0000000775800000| Complete 
| 282|0x0000000775a00000, 0x0000000775c00000, 0x0000000775c00000|100%| S|CS|TAMS 0x0000000775a00000, 0x0000000775a00000| Complete 
| 283|0x0000000775c00000, 0x0000000775e00000, 0x0000000775e00000|100%| S|CS|TAMS 0x0000000775c00000, 0x0000000775c00000| Complete 
| 284|0x0000000775e00000, 0x0000000776000000, 0x0000000776000000|100%| S|CS|TAMS 0x0000000775e00000, 0x0000000775e00000| Complete 
| 285|0x0000000776000000, 0x0000000776200000, 0x0000000776200000|100%| S|CS|TAMS 0x0000000776000000, 0x0000000776000000| Complete 
| 286|0x0000000776200000, 0x0000000776200000, 0x0000000776400000|  0%| F|  |TAMS 0x0000000776200000, 0x0000000776200000| Untracked 
| 287|0x0000000776400000, 0x0000000776400000, 0x0000000776600000|  0%| F|  |TAMS 0x0000000776400000, 0x0000000776400000| Untracked 
| 288|0x0000000776600000, 0x0000000776600000, 0x0000000776800000|  0%| F|  |TAMS 0x0000000776600000, 0x0000000776600000| Untracked 
| 289|0x0000000776800000, 0x0000000776800000, 0x0000000776a00000|  0%| F|  |TAMS 0x0000000776800000, 0x0000000776800000| Untracked 
| 290|0x0000000776a00000, 0x0000000776a00000, 0x0000000776c00000|  0%| F|  |TAMS 0x0000000776a00000, 0x0000000776a00000| Untracked 
| 291|0x0000000776c00000, 0x0000000776c00000, 0x0000000776e00000|  0%| F|  |TAMS 0x0000000776c00000, 0x0000000776c00000| Untracked 
| 292|0x0000000776e00000, 0x0000000776e00000, 0x0000000777000000|  0%| F|  |TAMS 0x0000000776e00000, 0x0000000776e00000| Untracked 
| 293|0x0000000777000000, 0x0000000777000000, 0x0000000777200000|  0%| F|  |TAMS 0x0000000777000000, 0x0000000777000000| Untracked 
| 294|0x0000000777200000, 0x0000000777200000, 0x0000000777400000|  0%| F|  |TAMS 0x0000000777200000, 0x0000000777200000| Untracked 
| 295|0x0000000777400000, 0x0000000777400000, 0x0000000777600000|  0%| F|  |TAMS 0x0000000777400000, 0x0000000777400000| Untracked 
| 296|0x0000000777600000, 0x0000000777600000, 0x0000000777800000|  0%| F|  |TAMS 0x0000000777600000, 0x0000000777600000| Untracked 
| 297|0x0000000777800000, 0x0000000777800000, 0x0000000777a00000|  0%| F|  |TAMS 0x0000000777800000, 0x0000000777800000| Untracked 
| 298|0x0000000777a00000, 0x0000000777a00000, 0x0000000777c00000|  0%| F|  |TAMS 0x0000000777a00000, 0x0000000777a00000| Untracked 
| 299|0x0000000777c00000, 0x0000000777c00000, 0x0000000777e00000|  0%| F|  |TAMS 0x0000000777c00000, 0x0000000777c00000| Untracked 
| 300|0x0000000777e00000, 0x0000000777e00000, 0x0000000778000000|  0%| F|  |TAMS 0x0000000777e00000, 0x0000000777e00000| Untracked 
| 301|0x0000000778000000, 0x0000000778000000, 0x0000000778200000|  0%| F|  |TAMS 0x0000000778000000, 0x0000000778000000| Untracked 
| 302|0x0000000778200000, 0x0000000778200000, 0x0000000778400000|  0%| F|  |TAMS 0x0000000778200000, 0x0000000778200000| Untracked 
| 303|0x0000000778400000, 0x0000000778400000, 0x0000000778600000|  0%| F|  |TAMS 0x0000000778400000, 0x0000000778400000| Untracked 
| 304|0x0000000778600000, 0x0000000778600000, 0x0000000778800000|  0%| F|  |TAMS 0x0000000778600000, 0x0000000778600000| Untracked 
| 305|0x0000000778800000, 0x0000000778800000, 0x0000000778a00000|  0%| F|  |TAMS 0x0000000778800000, 0x0000000778800000| Untracked 
| 306|0x0000000778a00000, 0x0000000778c00000, 0x0000000778c00000|100%| S|CS|TAMS 0x0000000778a00000, 0x0000000778a00000| Complete 
| 307|0x0000000778c00000, 0x0000000778e00000, 0x0000000778e00000|100%| S|CS|TAMS 0x0000000778c00000, 0x0000000778c00000| Complete 
| 308|0x0000000778e00000, 0x0000000779000000, 0x0000000779000000|100%| S|CS|TAMS 0x0000000778e00000, 0x0000000778e00000| Complete 
| 309|0x0000000779000000, 0x0000000779200000, 0x0000000779200000|100%| S|CS|TAMS 0x0000000779000000, 0x0000000779000000| Complete 
| 310|0x0000000779200000, 0x0000000779400000, 0x0000000779400000|100%| S|CS|TAMS 0x0000000779200000, 0x0000000779200000| Complete 
| 311|0x0000000779400000, 0x0000000779600000, 0x0000000779600000|100%| S|CS|TAMS 0x0000000779400000, 0x0000000779400000| Complete 
| 312|0x0000000779600000, 0x0000000779800000, 0x0000000779800000|100%| S|CS|TAMS 0x0000000779600000, 0x0000000779600000| Complete 
| 313|0x0000000779800000, 0x0000000779a00000, 0x0000000779a00000|100%| S|CS|TAMS 0x0000000779800000, 0x0000000779800000| Complete 
| 314|0x0000000779a00000, 0x0000000779c00000, 0x0000000779c00000|100%| S|CS|TAMS 0x0000000779a00000, 0x0000000779a00000| Complete 
| 315|0x0000000779c00000, 0x0000000779e00000, 0x0000000779e00000|100%| S|CS|TAMS 0x0000000779c00000, 0x0000000779c00000| Complete 
| 316|0x0000000779e00000, 0x000000077a000000, 0x000000077a000000|100%| S|CS|TAMS 0x0000000779e00000, 0x0000000779e00000| Complete 
| 317|0x000000077a000000, 0x000000077a000000, 0x000000077a200000|  0%| F|  |TAMS 0x000000077a000000, 0x000000077a000000| Untracked 
| 318|0x000000077a200000, 0x000000077a200000, 0x000000077a400000|  0%| F|  |TAMS 0x000000077a200000, 0x000000077a200000| Untracked 
| 319|0x000000077a400000, 0x000000077a400000, 0x000000077a600000|  0%| F|  |TAMS 0x000000077a400000, 0x000000077a400000| Untracked 
| 320|0x000000077a600000, 0x000000077a600000, 0x000000077a800000|  0%| F|  |TAMS 0x000000077a600000, 0x000000077a600000| Untracked 
| 321|0x000000077a800000, 0x000000077a800000, 0x000000077aa00000|  0%| F|  |TAMS 0x000000077a800000, 0x000000077a800000| Untracked 
| 322|0x000000077aa00000, 0x000000077aa00000, 0x000000077ac00000|  0%| F|  |TAMS 0x000000077aa00000, 0x000000077aa00000| Untracked 
| 323|0x000000077ac00000, 0x000000077ac00000, 0x000000077ae00000|  0%| F|  |TAMS 0x000000077ac00000, 0x000000077ac00000| Untracked 
| 324|0x000000077ae00000, 0x000000077ae00000, 0x000000077b000000|  0%| F|  |TAMS 0x000000077ae00000, 0x000000077ae00000| Untracked 
| 325|0x000000077b000000, 0x000000077b000000, 0x000000077b200000|  0%| F|  |TAMS 0x000000077b000000, 0x000000077b000000| Untracked 
| 326|0x000000077b200000, 0x000000077b200000, 0x000000077b400000|  0%| F|  |TAMS 0x000000077b200000, 0x000000077b200000| Untracked 
| 327|0x000000077b400000, 0x000000077b400000, 0x000000077b600000|  0%| F|  |TAMS 0x000000077b400000, 0x000000077b400000| Untracked 
| 328|0x000000077b600000, 0x000000077b600000, 0x000000077b800000|  0%| F|  |TAMS 0x000000077b600000, 0x000000077b600000| Untracked 
| 329|0x000000077b800000, 0x000000077b800000, 0x000000077ba00000|  0%| F|  |TAMS 0x000000077b800000, 0x000000077b800000| Untracked 
| 330|0x000000077ba00000, 0x000000077ba00000, 0x000000077bc00000|  0%| F|  |TAMS 0x000000077ba00000, 0x000000077ba00000| Untracked 
| 331|0x000000077bc00000, 0x000000077bc00000, 0x000000077be00000|  0%| F|  |TAMS 0x000000077bc00000, 0x000000077bc00000| Untracked 
| 332|0x000000077be00000, 0x000000077be00000, 0x000000077c000000|  0%| F|  |TAMS 0x000000077be00000, 0x000000077be00000| Untracked 
| 333|0x000000077c000000, 0x000000077c000000, 0x000000077c200000|  0%| F|  |TAMS 0x000000077c000000, 0x000000077c000000| Untracked 
| 334|0x000000077c200000, 0x000000077c200000, 0x000000077c400000|  0%| F|  |TAMS 0x000000077c200000, 0x000000077c200000| Untracked 
| 335|0x000000077c400000, 0x000000077c400000, 0x000000077c600000|  0%| F|  |TAMS 0x000000077c400000, 0x000000077c400000| Untracked 
| 336|0x000000077c600000, 0x000000077c600000, 0x000000077c800000|  0%| F|  |TAMS 0x000000077c600000, 0x000000077c600000| Untracked 
| 337|0x000000077c800000, 0x000000077c800000, 0x000000077ca00000|  0%| F|  |TAMS 0x000000077c800000, 0x000000077c800000| Untracked 
| 338|0x000000077ca00000, 0x000000077ca00000, 0x000000077cc00000|  0%| F|  |TAMS 0x000000077ca00000, 0x000000077ca00000| Untracked 
| 339|0x000000077cc00000, 0x000000077cc00000, 0x000000077ce00000|  0%| F|  |TAMS 0x000000077cc00000, 0x000000077cc00000| Untracked 
| 340|0x000000077ce00000, 0x000000077ce00000, 0x000000077d000000|  0%| F|  |TAMS 0x000000077ce00000, 0x000000077ce00000| Untracked 
| 341|0x000000077d000000, 0x000000077d000000, 0x000000077d200000|  0%| F|  |TAMS 0x000000077d000000, 0x000000077d000000| Untracked 
| 342|0x000000077d200000, 0x000000077d200000, 0x000000077d400000|  0%| F|  |TAMS 0x000000077d200000, 0x000000077d200000| Untracked 
| 343|0x000000077d400000, 0x000000077d400000, 0x000000077d600000|  0%| F|  |TAMS 0x000000077d400000, 0x000000077d400000| Untracked 
| 344|0x000000077d600000, 0x000000077d600000, 0x000000077d800000|  0%| F|  |TAMS 0x000000077d600000, 0x000000077d600000| Untracked 
| 345|0x000000077d800000, 0x000000077d800000, 0x000000077da00000|  0%| F|  |TAMS 0x000000077d800000, 0x000000077d800000| Untracked 
| 346|0x000000077da00000, 0x000000077da00000, 0x000000077dc00000|  0%| F|  |TAMS 0x000000077da00000, 0x000000077da00000| Untracked 
| 347|0x000000077dc00000, 0x000000077dc00000, 0x000000077de00000|  0%| F|  |TAMS 0x000000077dc00000, 0x000000077dc00000| Untracked 
| 348|0x000000077de00000, 0x000000077de00000, 0x000000077e000000|  0%| F|  |TAMS 0x000000077de00000, 0x000000077de00000| Untracked 
| 349|0x000000077e000000, 0x000000077e000000, 0x000000077e200000|  0%| F|  |TAMS 0x000000077e000000, 0x000000077e000000| Untracked 
| 350|0x000000077e200000, 0x000000077e200000, 0x000000077e400000|  0%| F|  |TAMS 0x000000077e200000, 0x000000077e200000| Untracked 
| 351|0x000000077e400000, 0x000000077e400000, 0x000000077e600000|  0%| F|  |TAMS 0x000000077e400000, 0x000000077e400000| Untracked 
| 352|0x000000077e600000, 0x000000077e600000, 0x000000077e800000|  0%| F|  |TAMS 0x000000077e600000, 0x000000077e600000| Untracked 
| 353|0x000000077e800000, 0x000000077e800000, 0x000000077ea00000|  0%| F|  |TAMS 0x000000077e800000, 0x000000077e800000| Untracked 
| 354|0x000000077ea00000, 0x000000077ea00000, 0x000000077ec00000|  0%| F|  |TAMS 0x000000077ea00000, 0x000000077ea00000| Untracked 
| 355|0x000000077ec00000, 0x000000077ec00000, 0x000000077ee00000|  0%| F|  |TAMS 0x000000077ec00000, 0x000000077ec00000| Untracked 
| 356|0x000000077ee00000, 0x000000077ee00000, 0x000000077f000000|  0%| F|  |TAMS 0x000000077ee00000, 0x000000077ee00000| Untracked 
| 357|0x000000077f000000, 0x000000077f000000, 0x000000077f200000|  0%| F|  |TAMS 0x000000077f000000, 0x000000077f000000| Untracked 
| 358|0x000000077f200000, 0x000000077f200000, 0x000000077f400000|  0%| F|  |TAMS 0x000000077f200000, 0x000000077f200000| Untracked 
| 359|0x000000077f400000, 0x000000077f400000, 0x000000077f600000|  0%| F|  |TAMS 0x000000077f400000, 0x000000077f400000| Untracked 
| 360|0x000000077f600000, 0x000000077f600000, 0x000000077f800000|  0%| F|  |TAMS 0x000000077f600000, 0x000000077f600000| Untracked 
| 361|0x000000077f800000, 0x000000077f800000, 0x000000077fa00000|  0%| F|  |TAMS 0x000000077f800000, 0x000000077f800000| Untracked 
| 362|0x000000077fa00000, 0x000000077fa00000, 0x000000077fc00000|  0%| F|  |TAMS 0x000000077fa00000, 0x000000077fa00000| Untracked 
| 363|0x000000077fc00000, 0x000000077fc00000, 0x000000077fe00000|  0%| F|  |TAMS 0x000000077fc00000, 0x000000077fc00000| Untracked 
| 364|0x000000077fe00000, 0x000000077fe00000, 0x0000000780000000|  0%| F|  |TAMS 0x000000077fe00000, 0x000000077fe00000| Untracked 
| 365|0x0000000780000000, 0x0000000780000000, 0x0000000780200000|  0%| F|  |TAMS 0x0000000780000000, 0x0000000780000000| Untracked 
| 366|0x0000000780200000, 0x0000000780200000, 0x0000000780400000|  0%| F|  |TAMS 0x0000000780200000, 0x0000000780200000| Untracked 
| 367|0x0000000780400000, 0x0000000780400000, 0x0000000780600000|  0%| F|  |TAMS 0x0000000780400000, 0x0000000780400000| Untracked 
| 368|0x0000000780600000, 0x0000000780600000, 0x0000000780800000|  0%| F|  |TAMS 0x0000000780600000, 0x0000000780600000| Untracked 
| 369|0x0000000780800000, 0x0000000780800000, 0x0000000780a00000|  0%| F|  |TAMS 0x0000000780800000, 0x0000000780800000| Untracked 
| 370|0x0000000780a00000, 0x0000000780a00000, 0x0000000780c00000|  0%| F|  |TAMS 0x0000000780a00000, 0x0000000780a00000| Untracked 
| 371|0x0000000780c00000, 0x0000000780c00000, 0x0000000780e00000|  0%| F|  |TAMS 0x0000000780c00000, 0x0000000780c00000| Untracked 
| 372|0x0000000780e00000, 0x0000000780e00000, 0x0000000781000000|  0%| F|  |TAMS 0x0000000780e00000, 0x0000000780e00000| Untracked 
| 373|0x0000000781000000, 0x0000000781000000, 0x0000000781200000|  0%| F|  |TAMS 0x0000000781000000, 0x0000000781000000| Untracked 
| 374|0x0000000781200000, 0x0000000781200000, 0x0000000781400000|  0%| F|  |TAMS 0x0000000781200000, 0x0000000781200000| Untracked 
| 375|0x0000000781400000, 0x0000000781400000, 0x0000000781600000|  0%| F|  |TAMS 0x0000000781400000, 0x0000000781400000| Untracked 
| 376|0x0000000781600000, 0x0000000781600000, 0x0000000781800000|  0%| F|  |TAMS 0x0000000781600000, 0x0000000781600000| Untracked 
| 377|0x0000000781800000, 0x0000000781800000, 0x0000000781a00000|  0%| F|  |TAMS 0x0000000781800000, 0x0000000781800000| Untracked 
| 378|0x0000000781a00000, 0x0000000781a00000, 0x0000000781c00000|  0%| F|  |TAMS 0x0000000781a00000, 0x0000000781a00000| Untracked 
| 379|0x0000000781c00000, 0x0000000781c00000, 0x0000000781e00000|  0%| F|  |TAMS 0x0000000781c00000, 0x0000000781c00000| Untracked 
| 380|0x0000000781e00000, 0x0000000781e00000, 0x0000000782000000|  0%| F|  |TAMS 0x0000000781e00000, 0x0000000781e00000| Untracked 
| 381|0x0000000782000000, 0x0000000782000000, 0x0000000782200000|  0%| F|  |TAMS 0x0000000782000000, 0x0000000782000000| Untracked 
| 382|0x0000000782200000, 0x0000000782200000, 0x0000000782400000|  0%| F|  |TAMS 0x0000000782200000, 0x0000000782200000| Untracked 
| 383|0x0000000782400000, 0x0000000782400000, 0x0000000782600000|  0%| F|  |TAMS 0x0000000782400000, 0x0000000782400000| Untracked 
| 384|0x0000000782600000, 0x0000000782600000, 0x0000000782800000|  0%| F|  |TAMS 0x0000000782600000, 0x0000000782600000| Untracked 
| 385|0x0000000782800000, 0x0000000782800000, 0x0000000782a00000|  0%| F|  |TAMS 0x0000000782800000, 0x0000000782800000| Untracked 
| 386|0x0000000782a00000, 0x0000000782a00000, 0x0000000782c00000|  0%| F|  |TAMS 0x0000000782a00000, 0x0000000782a00000| Untracked 
| 387|0x0000000782c00000, 0x0000000782c00000, 0x0000000782e00000|  0%| F|  |TAMS 0x0000000782c00000, 0x0000000782c00000| Untracked 
| 388|0x0000000782e00000, 0x0000000782e00000, 0x0000000783000000|  0%| F|  |TAMS 0x0000000782e00000, 0x0000000782e00000| Untracked 
| 389|0x0000000783000000, 0x0000000783000000, 0x0000000783200000|  0%| F|  |TAMS 0x0000000783000000, 0x0000000783000000| Untracked 
| 390|0x0000000783200000, 0x0000000783200000, 0x0000000783400000|  0%| F|  |TAMS 0x0000000783200000, 0x0000000783200000| Untracked 
| 391|0x0000000783400000, 0x0000000783400000, 0x0000000783600000|  0%| F|  |TAMS 0x0000000783400000, 0x0000000783400000| Untracked 
| 392|0x0000000783600000, 0x0000000783600000, 0x0000000783800000|  0%| F|  |TAMS 0x0000000783600000, 0x0000000783600000| Untracked 
| 393|0x0000000783800000, 0x0000000783800000, 0x0000000783a00000|  0%| F|  |TAMS 0x0000000783800000, 0x0000000783800000| Untracked 
| 394|0x0000000783a00000, 0x0000000783a00000, 0x0000000783c00000|  0%| F|  |TAMS 0x0000000783a00000, 0x0000000783a00000| Untracked 
| 395|0x0000000783c00000, 0x0000000783c00000, 0x0000000783e00000|  0%| F|  |TAMS 0x0000000783c00000, 0x0000000783c00000| Untracked 
| 396|0x0000000783e00000, 0x0000000783e00000, 0x0000000784000000|  0%| F|  |TAMS 0x0000000783e00000, 0x0000000783e00000| Untracked 
| 397|0x0000000784000000, 0x0000000784000000, 0x0000000784200000|  0%| F|  |TAMS 0x0000000784000000, 0x0000000784000000| Untracked 
| 398|0x0000000784200000, 0x0000000784200000, 0x0000000784400000|  0%| F|  |TAMS 0x0000000784200000, 0x0000000784200000| Untracked 
| 399|0x0000000784400000, 0x0000000784400000, 0x0000000784600000|  0%| F|  |TAMS 0x0000000784400000, 0x0000000784400000| Untracked 
| 400|0x0000000784600000, 0x0000000784600000, 0x0000000784800000|  0%| F|  |TAMS 0x0000000784600000, 0x0000000784600000| Untracked 
| 401|0x0000000784800000, 0x0000000784800000, 0x0000000784a00000|  0%| F|  |TAMS 0x0000000784800000, 0x0000000784800000| Untracked 
| 402|0x0000000784a00000, 0x0000000784a00000, 0x0000000784c00000|  0%| F|  |TAMS 0x0000000784a00000, 0x0000000784a00000| Untracked 
| 403|0x0000000784c00000, 0x0000000784c00000, 0x0000000784e00000|  0%| F|  |TAMS 0x0000000784c00000, 0x0000000784c00000| Untracked 
| 404|0x0000000784e00000, 0x0000000784e00000, 0x0000000785000000|  0%| F|  |TAMS 0x0000000784e00000, 0x0000000784e00000| Untracked 
| 405|0x0000000785000000, 0x0000000785000000, 0x0000000785200000|  0%| F|  |TAMS 0x0000000785000000, 0x0000000785000000| Untracked 
| 406|0x0000000785200000, 0x0000000785200000, 0x0000000785400000|  0%| F|  |TAMS 0x0000000785200000, 0x0000000785200000| Untracked 
| 407|0x0000000785400000, 0x0000000785400000, 0x0000000785600000|  0%| F|  |TAMS 0x0000000785400000, 0x0000000785400000| Untracked 
| 408|0x0000000785600000, 0x0000000785600000, 0x0000000785800000|  0%| F|  |TAMS 0x0000000785600000, 0x0000000785600000| Untracked 
| 409|0x0000000785800000, 0x0000000785800000, 0x0000000785a00000|  0%| F|  |TAMS 0x0000000785800000, 0x0000000785800000| Untracked 
| 410|0x0000000785a00000, 0x0000000785a00000, 0x0000000785c00000|  0%| F|  |TAMS 0x0000000785a00000, 0x0000000785a00000| Untracked 
| 411|0x0000000785c00000, 0x0000000785c00000, 0x0000000785e00000|  0%| F|  |TAMS 0x0000000785c00000, 0x0000000785c00000| Untracked 
| 412|0x0000000785e00000, 0x0000000785e00000, 0x0000000786000000|  0%| F|  |TAMS 0x0000000785e00000, 0x0000000785e00000| Untracked 
| 413|0x0000000786000000, 0x0000000786000000, 0x0000000786200000|  0%| F|  |TAMS 0x0000000786000000, 0x0000000786000000| Untracked 
| 414|0x0000000786200000, 0x0000000786200000, 0x0000000786400000|  0%| F|  |TAMS 0x0000000786200000, 0x0000000786200000| Untracked 
| 415|0x0000000786400000, 0x0000000786400000, 0x0000000786600000|  0%| F|  |TAMS 0x0000000786400000, 0x0000000786400000| Untracked 
| 416|0x0000000786600000, 0x0000000786600000, 0x0000000786800000|  0%| F|  |TAMS 0x0000000786600000, 0x0000000786600000| Untracked 
| 417|0x0000000786800000, 0x0000000786800000, 0x0000000786a00000|  0%| F|  |TAMS 0x0000000786800000, 0x0000000786800000| Untracked 
| 418|0x0000000786a00000, 0x0000000786a00000, 0x0000000786c00000|  0%| F|  |TAMS 0x0000000786a00000, 0x0000000786a00000| Untracked 
| 419|0x0000000786c00000, 0x0000000786c00000, 0x0000000786e00000|  0%| F|  |TAMS 0x0000000786c00000, 0x0000000786c00000| Untracked 
| 420|0x0000000786e00000, 0x0000000786e00000, 0x0000000787000000|  0%| F|  |TAMS 0x0000000786e00000, 0x0000000786e00000| Untracked 
| 421|0x0000000787000000, 0x0000000787000000, 0x0000000787200000|  0%| F|  |TAMS 0x0000000787000000, 0x0000000787000000| Untracked 
| 422|0x0000000787200000, 0x0000000787200000, 0x0000000787400000|  0%| F|  |TAMS 0x0000000787200000, 0x0000000787200000| Untracked 
| 423|0x0000000787400000, 0x0000000787400000, 0x0000000787600000|  0%| F|  |TAMS 0x0000000787400000, 0x0000000787400000| Untracked 
| 424|0x0000000787600000, 0x0000000787600000, 0x0000000787800000|  0%| F|  |TAMS 0x0000000787600000, 0x0000000787600000| Untracked 
| 425|0x0000000787800000, 0x0000000787800000, 0x0000000787a00000|  0%| F|  |TAMS 0x0000000787800000, 0x0000000787800000| Untracked 
| 426|0x0000000787a00000, 0x0000000787a00000, 0x0000000787c00000|  0%| F|  |TAMS 0x0000000787a00000, 0x0000000787a00000| Untracked 
| 427|0x0000000787c00000, 0x0000000787c00000, 0x0000000787e00000|  0%| F|  |TAMS 0x0000000787c00000, 0x0000000787c00000| Untracked 
| 428|0x0000000787e00000, 0x0000000787e00000, 0x0000000788000000|  0%| F|  |TAMS 0x0000000787e00000, 0x0000000787e00000| Untracked 
| 429|0x0000000788000000, 0x0000000788000000, 0x0000000788200000|  0%| F|  |TAMS 0x0000000788000000, 0x0000000788000000| Untracked 
| 430|0x0000000788200000, 0x0000000788200000, 0x0000000788400000|  0%| F|  |TAMS 0x0000000788200000, 0x0000000788200000| Untracked 
| 431|0x0000000788400000, 0x0000000788400000, 0x0000000788600000|  0%| F|  |TAMS 0x0000000788400000, 0x0000000788400000| Untracked 
| 432|0x0000000788600000, 0x0000000788600000, 0x0000000788800000|  0%| F|  |TAMS 0x0000000788600000, 0x0000000788600000| Untracked 
| 433|0x0000000788800000, 0x0000000788800000, 0x0000000788a00000|  0%| F|  |TAMS 0x0000000788800000, 0x0000000788800000| Untracked 
| 434|0x0000000788a00000, 0x0000000788a00000, 0x0000000788c00000|  0%| F|  |TAMS 0x0000000788a00000, 0x0000000788a00000| Untracked 
| 435|0x0000000788c00000, 0x0000000788c00000, 0x0000000788e00000|  0%| F|  |TAMS 0x0000000788c00000, 0x0000000788c00000| Untracked 
| 436|0x0000000788e00000, 0x0000000788e00000, 0x0000000789000000|  0%| F|  |TAMS 0x0000000788e00000, 0x0000000788e00000| Untracked 
| 437|0x0000000789000000, 0x0000000789000000, 0x0000000789200000|  0%| F|  |TAMS 0x0000000789000000, 0x0000000789000000| Untracked 
| 438|0x0000000789200000, 0x0000000789200000, 0x0000000789400000|  0%| F|  |TAMS 0x0000000789200000, 0x0000000789200000| Untracked 
| 439|0x0000000789400000, 0x0000000789400000, 0x0000000789600000|  0%| F|  |TAMS 0x0000000789400000, 0x0000000789400000| Untracked 
| 440|0x0000000789600000, 0x0000000789600000, 0x0000000789800000|  0%| F|  |TAMS 0x0000000789600000, 0x0000000789600000| Untracked 
| 441|0x0000000789800000, 0x0000000789800000, 0x0000000789a00000|  0%| F|  |TAMS 0x0000000789800000, 0x0000000789800000| Untracked 
| 442|0x0000000789a00000, 0x0000000789a00000, 0x0000000789c00000|  0%| F|  |TAMS 0x0000000789a00000, 0x0000000789a00000| Untracked 
| 443|0x0000000789c00000, 0x0000000789c00000, 0x0000000789e00000|  0%| F|  |TAMS 0x0000000789c00000, 0x0000000789c00000| Untracked 
| 444|0x0000000789e00000, 0x0000000789e00000, 0x000000078a000000|  0%| F|  |TAMS 0x0000000789e00000, 0x0000000789e00000| Untracked 
| 445|0x000000078a000000, 0x000000078a000000, 0x000000078a200000|  0%| F|  |TAMS 0x000000078a000000, 0x000000078a000000| Untracked 
| 446|0x000000078a200000, 0x000000078a200000, 0x000000078a400000|  0%| F|  |TAMS 0x000000078a200000, 0x000000078a200000| Untracked 
| 447|0x000000078a400000, 0x000000078a400000, 0x000000078a600000|  0%| F|  |TAMS 0x000000078a400000, 0x000000078a400000| Untracked 
| 448|0x000000078a600000, 0x000000078a600000, 0x000000078a800000|  0%| F|  |TAMS 0x000000078a600000, 0x000000078a600000| Untracked 
| 449|0x000000078a800000, 0x000000078a800000, 0x000000078aa00000|  0%| F|  |TAMS 0x000000078a800000, 0x000000078a800000| Untracked 
| 450|0x000000078aa00000, 0x000000078aa00000, 0x000000078ac00000|  0%| F|  |TAMS 0x000000078aa00000, 0x000000078aa00000| Untracked 
| 451|0x000000078ac00000, 0x000000078ac00000, 0x000000078ae00000|  0%| F|  |TAMS 0x000000078ac00000, 0x000000078ac00000| Untracked 
| 452|0x000000078ae00000, 0x000000078ae00000, 0x000000078b000000|  0%| F|  |TAMS 0x000000078ae00000, 0x000000078ae00000| Untracked 
| 453|0x000000078b000000, 0x000000078b000000, 0x000000078b200000|  0%| F|  |TAMS 0x000000078b000000, 0x000000078b000000| Untracked 
| 454|0x000000078b200000, 0x000000078b200000, 0x000000078b400000|  0%| F|  |TAMS 0x000000078b200000, 0x000000078b200000| Untracked 
| 455|0x000000078b400000, 0x000000078b400000, 0x000000078b600000|  0%| F|  |TAMS 0x000000078b400000, 0x000000078b400000| Untracked 
| 456|0x000000078b600000, 0x000000078b600000, 0x000000078b800000|  0%| F|  |TAMS 0x000000078b600000, 0x000000078b600000| Untracked 
| 457|0x000000078b800000, 0x000000078b800000, 0x000000078ba00000|  0%| F|  |TAMS 0x000000078b800000, 0x000000078b800000| Untracked 
| 458|0x000000078ba00000, 0x000000078ba00000, 0x000000078bc00000|  0%| F|  |TAMS 0x000000078ba00000, 0x000000078ba00000| Untracked 
| 459|0x000000078bc00000, 0x000000078bc00000, 0x000000078be00000|  0%| F|  |TAMS 0x000000078bc00000, 0x000000078bc00000| Untracked 
| 460|0x000000078be00000, 0x000000078be00000, 0x000000078c000000|  0%| F|  |TAMS 0x000000078be00000, 0x000000078be00000| Untracked 
| 461|0x000000078c000000, 0x000000078c000000, 0x000000078c200000|  0%| F|  |TAMS 0x000000078c000000, 0x000000078c000000| Untracked 
| 462|0x000000078c200000, 0x000000078c200000, 0x000000078c400000|  0%| F|  |TAMS 0x000000078c200000, 0x000000078c200000| Untracked 
| 463|0x000000078c400000, 0x000000078c400000, 0x000000078c600000|  0%| F|  |TAMS 0x000000078c400000, 0x000000078c400000| Untracked 
| 464|0x000000078c600000, 0x000000078c600000, 0x000000078c800000|  0%| F|  |TAMS 0x000000078c600000, 0x000000078c600000| Untracked 
| 465|0x000000078c800000, 0x000000078c800000, 0x000000078ca00000|  0%| F|  |TAMS 0x000000078c800000, 0x000000078c800000| Untracked 
| 466|0x000000078ca00000, 0x000000078ca00000, 0x000000078cc00000|  0%| F|  |TAMS 0x000000078ca00000, 0x000000078ca00000| Untracked 
| 467|0x000000078cc00000, 0x000000078cc00000, 0x000000078ce00000|  0%| F|  |TAMS 0x000000078cc00000, 0x000000078cc00000| Untracked 
| 468|0x000000078ce00000, 0x000000078ce00000, 0x000000078d000000|  0%| F|  |TAMS 0x000000078ce00000, 0x000000078ce00000| Untracked 
| 469|0x000000078d000000, 0x000000078d000000, 0x000000078d200000|  0%| F|  |TAMS 0x000000078d000000, 0x000000078d000000| Untracked 
| 470|0x000000078d200000, 0x000000078d200000, 0x000000078d400000|  0%| F|  |TAMS 0x000000078d200000, 0x000000078d200000| Untracked 
| 471|0x000000078d400000, 0x000000078d400000, 0x000000078d600000|  0%| F|  |TAMS 0x000000078d400000, 0x000000078d400000| Untracked 
| 472|0x000000078d600000, 0x000000078d600000, 0x000000078d800000|  0%| F|  |TAMS 0x000000078d600000, 0x000000078d600000| Untracked 
| 473|0x000000078d800000, 0x000000078d800000, 0x000000078da00000|  0%| F|  |TAMS 0x000000078d800000, 0x000000078d800000| Untracked 
| 474|0x000000078da00000, 0x000000078da00000, 0x000000078dc00000|  0%| F|  |TAMS 0x000000078da00000, 0x000000078da00000| Untracked 
| 475|0x000000078dc00000, 0x000000078dc00000, 0x000000078de00000|  0%| F|  |TAMS 0x000000078dc00000, 0x000000078dc00000| Untracked 
| 476|0x000000078de00000, 0x000000078de00000, 0x000000078e000000|  0%| F|  |TAMS 0x000000078de00000, 0x000000078de00000| Untracked 
| 477|0x000000078e000000, 0x000000078e000000, 0x000000078e200000|  0%| F|  |TAMS 0x000000078e000000, 0x000000078e000000| Untracked 
| 478|0x000000078e200000, 0x000000078e200000, 0x000000078e400000|  0%| F|  |TAMS 0x000000078e200000, 0x000000078e200000| Untracked 
| 479|0x000000078e400000, 0x000000078e400000, 0x000000078e600000|  0%| F|  |TAMS 0x000000078e400000, 0x000000078e400000| Untracked 
| 480|0x000000078e600000, 0x000000078e600000, 0x000000078e800000|  0%| F|  |TAMS 0x000000078e600000, 0x000000078e600000| Untracked 
| 481|0x000000078e800000, 0x000000078e800000, 0x000000078ea00000|  0%| F|  |TAMS 0x000000078e800000, 0x000000078e800000| Untracked 
| 482|0x000000078ea00000, 0x000000078ea00000, 0x000000078ec00000|  0%| F|  |TAMS 0x000000078ea00000, 0x000000078ea00000| Untracked 
| 483|0x000000078ec00000, 0x000000078ec00000, 0x000000078ee00000|  0%| F|  |TAMS 0x000000078ec00000, 0x000000078ec00000| Untracked 
| 484|0x000000078ee00000, 0x000000078ee00000, 0x000000078f000000|  0%| F|  |TAMS 0x000000078ee00000, 0x000000078ee00000| Untracked 
| 485|0x000000078f000000, 0x000000078f000000, 0x000000078f200000|  0%| F|  |TAMS 0x000000078f000000, 0x000000078f000000| Untracked 
| 486|0x000000078f200000, 0x000000078f200000, 0x000000078f400000|  0%| F|  |TAMS 0x000000078f200000, 0x000000078f200000| Untracked 
| 487|0x000000078f400000, 0x000000078f400000, 0x000000078f600000|  0%| F|  |TAMS 0x000000078f400000, 0x000000078f400000| Untracked 
| 488|0x000000078f600000, 0x000000078f600000, 0x000000078f800000|  0%| F|  |TAMS 0x000000078f600000, 0x000000078f600000| Untracked 
| 489|0x000000078f800000, 0x000000078f800000, 0x000000078fa00000|  0%| F|  |TAMS 0x000000078f800000, 0x000000078f800000| Untracked 
| 490|0x000000078fa00000, 0x000000078fa00000, 0x000000078fc00000|  0%| F|  |TAMS 0x000000078fa00000, 0x000000078fa00000| Untracked 
| 491|0x000000078fc00000, 0x000000078fc00000, 0x000000078fe00000|  0%| F|  |TAMS 0x000000078fc00000, 0x000000078fc00000| Untracked 
| 492|0x000000078fe00000, 0x000000078fe00000, 0x0000000790000000|  0%| F|  |TAMS 0x000000078fe00000, 0x000000078fe00000| Untracked 
| 493|0x0000000790000000, 0x0000000790000000, 0x0000000790200000|  0%| F|  |TAMS 0x0000000790000000, 0x0000000790000000| Untracked 
| 494|0x0000000790200000, 0x0000000790200000, 0x0000000790400000|  0%| F|  |TAMS 0x0000000790200000, 0x0000000790200000| Untracked 
| 495|0x0000000790400000, 0x0000000790400000, 0x0000000790600000|  0%| F|  |TAMS 0x0000000790400000, 0x0000000790400000| Untracked 
| 496|0x0000000790600000, 0x0000000790600000, 0x0000000790800000|  0%| F|  |TAMS 0x0000000790600000, 0x0000000790600000| Untracked 

Card table byte_map: [0x0000018ebe290000,0x0000018ebe800000] _byte_map_base: 0x0000018eba7fd000

Marking Bits (Prev, Next): (CMBitMap*) 0x0000018ea69cddc0, (CMBitMap*) 0x0000018ea69cde00
 Prev Bits: [0x0000018ebed70000, 0x0000018ec18d8000)
 Next Bits: [0x0000018ec18e0000, 0x0000018ec4448000)

Polling page: 0x0000018ea48c0000

Metaspace:

Usage:
  Non-class:     34.45 MB used.
      Class:      5.32 MB used.
       Both:     39.77 MB used.

Virtual space:
  Non-class space:       64.00 MB reserved,      34.69 MB ( 54%) committed,  1 nodes.
      Class space:        1.00 GB reserved,       5.56 MB ( <1%) committed,  1 nodes.
             Both:        1.06 GB reserved,      40.25 MB (  4%) committed. 

Chunk freelists:
   Non-Class:  12.53 MB
       Class:  10.31 MB
        Both:  22.84 MB

MaxMetaspaceSize: unlimited
CompressedClassSpaceSize: 1.00 GB
Initial GC threshold: 21.00 MB
Current GC threshold: 54.94 MB
CDS: on
MetaspaceReclaimPolicy: balanced
 - commit_granule_bytes: 65536.
 - commit_granule_words: 8192.
 - virtual_space_node_default_size: 8388608.
 - enlarge_chunks_in_place: 1.
 - new_chunks_are_fully_committed: 0.
 - uncommit_free_chunks: 1.
 - use_allocation_guard: 0.
 - handle_deallocations: 1.


Internal statistics:

num_allocs_failed_limit: 3.
num_arena_births: 574.
num_arena_deaths: 0.
num_vsnodes_births: 2.
num_vsnodes_deaths: 0.
num_space_committed: 644.
num_space_uncommitted: 0.
num_chunks_returned_to_freelist: 3.
num_chunks_taken_from_freelist: 2136.
num_chunk_merges: 3.
num_chunk_splits: 1493.
num_chunks_enlarged: 1107.
num_inconsistent_stats: 0.

CodeHeap 'non-profiled nmethods': size=119168Kb used=4658Kb max_used=4898Kb free=114509Kb
 bounds [0x0000018eb6040000, 0x0000018eb6530000, 0x0000018ebd4a0000]
CodeHeap 'profiled nmethods': size=119104Kb used=13274Kb max_used=14667Kb free=105829Kb
 bounds [0x0000018eae4a0000, 0x0000018eaf310000, 0x0000018eb58f0000]
CodeHeap 'non-nmethods': size=7488Kb used=1227Kb max_used=2995Kb free=6260Kb
 bounds [0x0000018eb58f0000, 0x0000018eb5bf0000, 0x0000018eb6040000]
 total_blobs=6241 nmethods=5711 adapters=442
 compilation: enabled
              stopped_count=0, restarted_count=0
 full_count=0

Compilation events (20 events):
Event: 9.579 Thread 0x0000018ec76fdc80 nmethod 6682 0x0000018eb647e810 code [0x0000018eb647ec80, 0x0000018eb6484818]
Event: 9.579 Thread 0x0000018ec76fdc80 6914 % !   4       nonapi.io.github.classgraph.concurrency.WorkQueue::runWorkLoop @ 0 (126 bytes)
Event: 9.585 Thread 0x0000018ec76fdc80 nmethod 6914% 0x0000018eb60c2f10 code [0x0000018eb60c3100, 0x0000018eb60c35b0]
Event: 9.585 Thread 0x0000018ec76fdc80 6722       4       java.lang.Boolean::valueOf (14 bytes)
Event: 9.586 Thread 0x0000018ec76fdc80 nmethod 6722 0x0000018eb6284890 code [0x0000018eb6284a00, 0x0000018eb6284a78]
Event: 9.586 Thread 0x0000018ec76fdc80 6813       4       io.github.classgraph.Classfile::getFieldConstantPoolValue (254 bytes)
Event: 9.595 Thread 0x0000018ec7420300 nmethod 6669 0x0000018eb609c790 code [0x0000018eb609ca40, 0x0000018eb609de20]
Event: 9.595 Thread 0x0000018ec7420300 6672       4       io.github.classgraph.ClassInfo::addClassAnnotation (84 bytes)
Event: 9.610 Thread 0x0000018ec76fdc80 nmethod 6813 0x0000018eb6117d90 code [0x0000018eb6118020, 0x0000018eb61193d0]
Event: 9.610 Thread 0x0000018ec76fdc80 6841       4       java.lang.Module::isNamed (13 bytes)
Event: 9.610 Thread 0x0000018ec76fdc80 nmethod 6841 0x0000018eb628cd10 code [0x0000018eb628ce80, 0x0000018eb628cf18]
Event: 9.610 Thread 0x0000018ec76fdc80 6913       4       java.lang.AbstractStringBuilder::setLength (66 bytes)
Event: 9.612 Thread 0x0000018ec76fdc80 nmethod 6913 0x0000018eb6222810 code [0x0000018eb62229a0, 0x0000018eb6222e58]
Event: 9.612 Thread 0x0000018ec76fdc80 6857       4       jdk.internal.ref.CleanerFactory::cleaner (4 bytes)
Event: 9.613 Thread 0x0000018ec76fdc80 nmethod 6857 0x0000018eb637a390 code [0x0000018eb637a500, 0x0000018eb637a558]
Event: 9.613 Thread 0x0000018ec76fdc80 6684       4       io.github.classgraph.ClassMemberInfo::getClassInfo (5 bytes)
Event: 9.622 Thread 0x0000018ec76fdc80 nmethod 6684 0x0000018eb6136510 code [0x0000018eb61366c0, 0x0000018eb6136fa8]
Event: 9.622 Thread 0x0000018ec76fdc80 6675       4       io.github.classgraph.AnnotationParameterValue::setScanResult (21 bytes)
Event: 9.624 Thread 0x0000018ec76fdc80 nmethod 6675 0x0000018eb60e7d10 code [0x0000018eb60e7ea0, 0x0000018eb60e8048]
Event: 9.649 Thread 0x0000018ec7420300 nmethod 6672 0x0000018eb638ab10 code [0x0000018eb638ae00, 0x0000018eb638d050]

GC Heap History (20 events):
Event: 5.642 GC heap after
{Heap after GC invocations=24 (full 0):
 garbage-first heap   total 397312K, used 124254K [0x0000000752600000, 0x0000000800000000)
  region size 2048K, 8 young (16384K), 8 survivors (16384K)
 Metaspace       used 33286K, committed 33728K, reserved 1114112K
  class space    used 4082K, committed 4288K, reserved 1048576K
}
Event: 6.540 GC heap before
{Heap before GC invocations=24 (full 0):
 garbage-first heap   total 397312K, used 312670K [0x0000000752600000, 0x0000000800000000)
  region size 2048K, 101 young (206848K), 8 survivors (16384K)
 Metaspace       used 40380K, committed 40832K, reserved 1114112K
  class space    used 5413K, committed 5632K, reserved 1048576K
}
Event: 6.565 GC heap after
{Heap after GC invocations=25 (full 0):
 garbage-first heap   total 794624K, used 147242K [0x0000000752600000, 0x0000000800000000)
  region size 2048K, 13 young (26624K), 13 survivors (26624K)
 Metaspace       used 40380K, committed 40832K, reserved 1114112K
  class space    used 5413K, committed 5632K, reserved 1048576K
}
Event: 6.956 GC heap before
{Heap before GC invocations=25 (full 0):
 garbage-first heap   total 794624K, used 593706K [0x0000000752600000, 0x0000000800000000)
  region size 2048K, 232 young (475136K), 13 survivors (26624K)
 Metaspace       used 40394K, committed 40832K, reserved 1114112K
  class space    used 5413K, committed 5632K, reserved 1048576K
}
Event: 6.985 GC heap after
{Heap after GC invocations=26 (full 0):
 garbage-first heap   total 794624K, used 180796K [0x0000000752600000, 0x0000000800000000)
  region size 2048K, 29 young (59392K), 29 survivors (59392K)
 Metaspace       used 40394K, committed 40832K, reserved 1114112K
  class space    used 5413K, committed 5632K, reserved 1048576K
}
Event: 7.238 GC heap before
{Heap before GC invocations=26 (full 0):
 garbage-first heap   total 794624K, used 596540K [0x0000000752600000, 0x0000000800000000)
  region size 2048K, 232 young (475136K), 29 survivors (59392K)
 Metaspace       used 40394K, committed 40832K, reserved 1114112K
  class space    used 5413K, committed 5632K, reserved 1048576K
}
Event: 7.266 GC heap after
{Heap after GC invocations=27 (full 0):
 garbage-first heap   total 794624K, used 211550K [0x0000000752600000, 0x0000000800000000)
  region size 2048K, 15 young (30720K), 15 survivors (30720K)
 Metaspace       used 40394K, committed 40832K, reserved 1114112K
  class space    used 5413K, committed 5632K, reserved 1048576K
}
Event: 7.497 GC heap before
{Heap before GC invocations=27 (full 0):
 garbage-first heap   total 794624K, used 617054K [0x0000000752600000, 0x0000000800000000)
  region size 2048K, 214 young (438272K), 15 survivors (30720K)
 Metaspace       used 40398K, committed 40832K, reserved 1114112K
  class space    used 5413K, committed 5632K, reserved 1048576K
}
Event: 7.517 GC heap after
{Heap after GC invocations=28 (full 0):
 garbage-first heap   total 794624K, used 236126K [0x0000000752600000, 0x0000000800000000)
  region size 2048K, 27 young (55296K), 27 survivors (55296K)
 Metaspace       used 40398K, committed 40832K, reserved 1114112K
  class space    used 5413K, committed 5632K, reserved 1048576K
}
Event: 7.893 GC heap before
{Heap before GC invocations=28 (full 0):
 garbage-first heap   total 794624K, used 627294K [0x0000000752600000, 0x0000000800000000)
  region size 2048K, 219 young (448512K), 27 survivors (55296K)
 Metaspace       used 40638K, committed 41088K, reserved 1114112K
  class space    used 5448K, committed 5696K, reserved 1048576K
}
Event: 7.931 GC heap after
{Heap after GC invocations=29 (full 0):
 garbage-first heap   total 794624K, used 269008K [0x0000000752600000, 0x0000000800000000)
  region size 2048K, 28 young (57344K), 28 survivors (57344K)
 Metaspace       used 40638K, committed 41088K, reserved 1114112K
  class space    used 5448K, committed 5696K, reserved 1048576K
}
Event: 8.142 GC heap before
{Heap before GC invocations=29 (full 0):
 garbage-first heap   total 794624K, used 625360K [0x0000000752600000, 0x0000000800000000)
  region size 2048K, 202 young (413696K), 28 survivors (57344K)
 Metaspace       used 40655K, committed 41088K, reserved 1114112K
  class space    used 5449K, committed 5696K, reserved 1048576K
}
Event: 8.180 GC heap after
{Heap after GC invocations=30 (full 0):
 garbage-first heap   total 1017856K, used 308767K [0x0000000752600000, 0x0000000800000000)
  region size 2048K, 18 young (36864K), 18 survivors (36864K)
 Metaspace       used 40655K, committed 41088K, reserved 1114112K
  class space    used 5449K, committed 5696K, reserved 1048576K
}
Event: 8.520 GC heap before
{Heap before GC invocations=30 (full 0):
 garbage-first heap   total 1017856K, used 757279K [0x0000000752600000, 0x0000000800000000)
  region size 2048K, 238 young (487424K), 18 survivors (36864K)
 Metaspace       used 40655K, committed 41088K, reserved 1114112K
  class space    used 5449K, committed 5696K, reserved 1048576K
}
Event: 8.589 GC heap after
{Heap after GC invocations=31 (full 0):
 garbage-first heap   total 1017856K, used 349505K [0x0000000752600000, 0x0000000800000000)
  region size 2048K, 22 young (45056K), 22 survivors (45056K)
 Metaspace       used 40655K, committed 41088K, reserved 1114112K
  class space    used 5449K, committed 5696K, reserved 1048576K
}
Event: 9.078 GC heap before
{Heap before GC invocations=31 (full 0):
 garbage-first heap   total 1017856K, used 785729K [0x0000000752600000, 0x0000000800000000)
  region size 2048K, 234 young (479232K), 22 survivors (45056K)
 Metaspace       used 40728K, committed 41216K, reserved 1114112K
  class space    used 5450K, committed 5696K, reserved 1048576K
}
Event: 9.123 GC heap after
{Heap after GC invocations=32 (full 0):
 garbage-first heap   total 1017856K, used 398628K [0x0000000752600000, 0x0000000800000000)
  region size 2048K, 30 young (61440K), 30 survivors (61440K)
 Metaspace       used 40728K, committed 41216K, reserved 1114112K
  class space    used 5450K, committed 5696K, reserved 1048576K
}
Event: 9.374 GC heap before
{Heap before GC invocations=32 (full 0):
 garbage-first heap   total 1017856K, used 787748K [0x0000000752600000, 0x0000000800000000)
  region size 2048K, 221 young (452608K), 30 survivors (61440K)
 Metaspace       used 40728K, committed 41216K, reserved 1114112K
  class space    used 5450K, committed 5696K, reserved 1048576K
}
Event: 9.417 GC heap after
{Heap after GC invocations=33 (full 0):
 garbage-first heap   total 1017856K, used 439048K [0x0000000752600000, 0x0000000800000000)
  region size 2048K, 20 young (40960K), 20 survivors (40960K)
 Metaspace       used 40728K, committed 41216K, reserved 1114112K
  class space    used 5450K, committed 5696K, reserved 1048576K
}
Event: 9.649 GC heap before
{Heap before GC invocations=33 (full 0):
 garbage-first heap   total 1017856K, used 807688K [0x0000000752600000, 0x0000000800000000)
  region size 2048K, 200 young (409600K), 20 survivors (40960K)
 Metaspace       used 40728K, committed 41216K, reserved 1114112K
  class space    used 5450K, committed 5696K, reserved 1048576K
}

Dll operation events (7 events):
Event: 0.006 Loaded shared library D:\Programas\JAVA\jdk\bin\java.dll
Event: 0.023 Loaded shared library D:\Programas\JAVA\jdk\bin\jsvml.dll
Event: 0.079 Loaded shared library D:\Programas\JAVA\jdk\bin\net.dll
Event: 0.081 Loaded shared library D:\Programas\JAVA\jdk\bin\nio.dll
Event: 0.083 Loaded shared library D:\Programas\JAVA\jdk\bin\zip.dll
Event: 0.194 Loaded shared library D:\Programas\JAVA\jdk\bin\jimage.dll
Event: 1.291 Loaded shared library D:\Programas\JAVA\jdk\bin\sunmscapi.dll

Deoptimization events (20 events):
Event: 9.005 Thread 0x0000018f11c99ff0 DEOPT PACKING pc=0x0000018eaec0df72 sp=0x0000006906bfe990
Event: 9.005 Thread 0x0000018f11c9c870 DEOPT PACKING pc=0x0000018eaec0df72 sp=0x00000069065feed0
Event: 9.005 Thread 0x0000018f11c9c870 DEOPT UNPACKING pc=0x0000018eb5947143 sp=0x00000069065fe3e0 mode 0
Event: 9.005 Thread 0x0000018f11c99ff0 DEOPT UNPACKING pc=0x0000018eb5947143 sp=0x0000006906bfdea0 mode 0
Event: 9.026 Thread 0x0000018f11c9e1c0 DEOPT PACKING pc=0x0000018eaec0df72 sp=0x00000069074fef60
Event: 9.026 Thread 0x0000018f11c9fb10 DEOPT PACKING pc=0x0000018eaec0df72 sp=0x00000069052fea60
Event: 9.026 Thread 0x0000018f11c9fb10 DEOPT UNPACKING pc=0x0000018eb5947143 sp=0x00000069052fdf70 mode 0
Event: 9.026 Thread 0x0000018f11c9e1c0 DEOPT UNPACKING pc=0x0000018eb5947143 sp=0x00000069074fe470 mode 0
Event: 9.069 Thread 0x0000018f11c9af20 DEOPT PACKING pc=0x0000018eaec0df72 sp=0x0000006906ffee00
Event: 9.069 Thread 0x0000018f11c9b430 DEOPT PACKING pc=0x0000018eaec0df93 sp=0x00000069070fe7b0
Event: 9.069 Thread 0x0000018f11c9af20 DEOPT UNPACKING pc=0x0000018eb5947143 sp=0x0000006906ffe310 mode 0
Event: 9.069 Thread 0x0000018f11c9b430 DEOPT UNPACKING pc=0x0000018eb5947143 sp=0x00000069070fdcc0 mode 0
Event: 9.071 Thread 0x0000018f11c9d290 DEOPT PACKING pc=0x0000018eaec0df93 sp=0x0000006906dfea10
Event: 9.071 Thread 0x0000018f11ca1970 DEOPT PACKING pc=0x0000018eaec0df72 sp=0x0000006906cfec50
Event: 9.071 Thread 0x0000018f11c9f600 DEOPT PACKING pc=0x0000018eaec0df72 sp=0x00000069078fea80
Event: 9.071 Thread 0x0000018f11c9f600 DEOPT UNPACKING pc=0x0000018eb5947143 sp=0x00000069078fdf90 mode 0
Event: 9.071 Thread 0x0000018f11ca1970 DEOPT UNPACKING pc=0x0000018eb5947143 sp=0x0000006906cfe160 mode 0
Event: 9.071 Thread 0x0000018f11c9d290 DEOPT UNPACKING pc=0x0000018eb5947143 sp=0x0000006906dfdf20 mode 0
Event: 9.072 Thread 0x0000018f11c9cd80 DEOPT PACKING pc=0x0000018eaec0df72 sp=0x00000069069fef20
Event: 9.072 Thread 0x0000018f11c9cd80 DEOPT UNPACKING pc=0x0000018eb5947143 sp=0x00000069069fe430 mode 0

Classes loaded (20 events):
Event: 4.308 Loading class sun/nio/ch/Interruptible done
Event: 4.308 Loading class java/nio/channels/spi/AbstractInterruptibleChannel$1 done
Event: 4.311 Loading class java/nio/ReadOnlyBufferException
Event: 4.311 Loading class java/nio/ReadOnlyBufferException done
Event: 4.315 Loading class java/util/zip/DataFormatException
Event: 4.315 Loading class java/util/zip/DataFormatException done
Event: 4.423 Loading class java/util/concurrent/locks/AbstractQueuedSynchronizer$ConditionNode
Event: 4.424 Loading class java/util/concurrent/locks/AbstractQueuedSynchronizer$ConditionNode done
Event: 4.668 Loading class jdk/internal/misc/ScopedMemoryAccess$Scope$Handle
Event: 4.668 Loading class jdk/internal/misc/ScopedMemoryAccess$Scope$Handle done
Event: 6.432 Loading class java/util/concurrent/TimeUnit$1
Event: 6.432 Loading class java/util/concurrent/TimeUnit$1 done
Event: 6.434 Loading class jdk/internal/math/FDBigInteger
Event: 6.434 Loading class jdk/internal/math/FDBigInteger done
Event: 6.440 Loading class java/util/stream/SortedOps$SizedRefSortingSink
Event: 6.441 Loading class java/util/stream/SortedOps$SizedRefSortingSink done
Event: 8.061 Loading class java/util/concurrent/ConcurrentHashMap$TreeNode
Event: 8.061 Loading class java/util/concurrent/ConcurrentHashMap$TreeNode done
Event: 8.061 Loading class java/util/concurrent/ConcurrentHashMap$TreeBin
Event: 8.062 Loading class java/util/concurrent/ConcurrentHashMap$TreeBin done

Classes unloaded (0 events):
No events

Classes redefined (0 events):
No events

Internal exceptions (20 events):
Event: 6.444 Thread 0x0000018ea69795b0 Exception <a 'sun/nio/fs/WindowsException'{0x00000007616ceb78}> (0x00000007616ceb78) 
thrown [s\src\hotspot\share\prims\jni.cpp, line 516]
Event: 6.444 Thread 0x0000018ea69795b0 Exception <a 'sun/nio/fs/WindowsException'{0x00000007616cf058}> (0x00000007616cf058) 
thrown [s\src\hotspot\share\prims\jni.cpp, line 516]
Event: 6.444 Thread 0x0000018ea69795b0 Exception <a 'sun/nio/fs/WindowsException'{0x00000007616cf418}> (0x00000007616cf418) 
thrown [s\src\hotspot\share\prims\jni.cpp, line 516]
Event: 6.444 Thread 0x0000018ea69795b0 Exception <a 'sun/nio/fs/WindowsException'{0x00000007616cfbb8}> (0x00000007616cfbb8) 
thrown [s\src\hotspot\share\prims\jni.cpp, line 516]
Event: 6.444 Thread 0x0000018ea69795b0 Exception <a 'sun/nio/fs/WindowsException'{0x00000007616cff40}> (0x00000007616cff40) 
thrown [s\src\hotspot\share\prims\jni.cpp, line 516]
Event: 6.444 Thread 0x0000018ea69795b0 Exception <a 'sun/nio/fs/WindowsException'{0x00000007616d06c8}> (0x00000007616d06c8) 
thrown [s\src\hotspot\share\prims\jni.cpp, line 516]
Event: 6.459 Thread 0x0000018f11c9d290 Implicit null exception at 0x0000018eb6392131 to 0x0000018eb6393bd8
Event: 6.459 Thread 0x0000018f11c9aa10 Implicit null exception at 0x0000018eb6392131 to 0x0000018eb6393bd8
Event: 6.459 Thread 0x0000018f11c9d7a0 Implicit null exception at 0x0000018eb6392131 to 0x0000018eb6393bd8
Event: 6.594 Thread 0x0000018f11c9f0f0 Implicit null exception at 0x0000018eb62b2775 to 0x0000018eb62b28f4
Event: 6.594 Thread 0x0000018f11ca1460 Implicit null exception at 0x0000018eb62b2775 to 0x0000018eb62b28f4
Event: 6.594 Thread 0x0000018f11c9c870 Implicit null exception at 0x0000018eb62b2775 to 0x0000018eb62b28f4
Event: 6.594 Thread 0x0000018f11ca0f50 Implicit null exception at 0x0000018eb62b2775 to 0x0000018eb62b28f4
Event: 6.594 Thread 0x0000018f11c9af20 Implicit null exception at 0x0000018eb62b2775 to 0x0000018eb62b28f4
Event: 6.594 Thread 0x0000018f11c9f600 Implicit null exception at 0x0000018eb62b2775 to 0x0000018eb62b28f4
Event: 6.594 Thread 0x0000018f11c9d290 Implicit null exception at 0x0000018eb62b2775 to 0x0000018eb62b28f4
Event: 8.823 Thread 0x0000018f11c9a500 Implicit null exception at 0x0000018eb643bba5 to 0x0000018eb643f540
Event: 8.904 Thread 0x0000018ea69795b0 Exception <a 'sun/nio/fs/WindowsException'{0x0000000781067470}> (0x0000000781067470) 
thrown [s\src\hotspot\share\prims\jni.cpp, line 516]
Event: 8.904 Thread 0x0000018ea69795b0 Exception <a 'sun/nio/fs/WindowsException'{0x00000007810679d8}> (0x00000007810679d8) 
thrown [s\src\hotspot\share\prims\jni.cpp, line 516]
Event: 8.904 Thread 0x0000018ea69795b0 Exception <a 'sun/nio/fs/WindowsException'{0x0000000781068238}> (0x0000000781068238) 
thrown [s\src\hotspot\share\prims\jni.cpp, line 516]

VM Operations (20 events):
Event: 7.744 Executing VM operation: HandshakeAllThreads done
Event: 7.892 Executing VM operation: G1CollectForAllocation
Event: 7.893 Executing VM operation: G1CollectForAllocation done
Event: 7.893 Executing VM operation: G1CollectForAllocation
Event: 7.931 Executing VM operation: G1CollectForAllocation done
Event: 8.142 Executing VM operation: G1CollectForAllocation
Event: 8.180 Executing VM operation: G1CollectForAllocation done
Event: 8.520 Executing VM operation: G1CollectForAllocation
Event: 8.520 Executing VM operation: G1CollectForAllocation done
Event: 8.520 Executing VM operation: G1CollectForAllocation
Event: 8.589 Executing VM operation: G1CollectForAllocation done
Event: 9.078 Executing VM operation: G1CollectForAllocation
Event: 9.078 Executing VM operation: G1CollectForAllocation done
Event: 9.078 Executing VM operation: G1CollectForAllocation
Event: 9.123 Executing VM operation: G1CollectForAllocation done
Event: 9.374 Executing VM operation: G1CollectForAllocation
Event: 9.374 Executing VM operation: G1CollectForAllocation done
Event: 9.374 Executing VM operation: G1CollectForAllocation
Event: 9.417 Executing VM operation: G1CollectForAllocation done
Event: 9.649 Executing VM operation: G1CollectForAllocation

Memory protections (0 events):
No events

Nmethod flushes (20 events):
Event: 7.754 Thread 0x0000018ec7425200 flushing  nmethod 0x0000018eaf191a10
Event: 7.754 Thread 0x0000018ec7425200 flushing  nmethod 0x0000018eaf19e010
Event: 7.754 Thread 0x0000018ec7425200 flushing  nmethod 0x0000018eaf19ec10
Event: 7.754 Thread 0x0000018ec7425200 flushing  nmethod 0x0000018eaf1a0510
Event: 7.754 Thread 0x0000018ec7425200 flushing  nmethod 0x0000018eaf1a1110
Event: 7.754 Thread 0x0000018ec7425200 flushing  nmethod 0x0000018eaf1a1e10
Event: 7.754 Thread 0x0000018ec7425200 flushing  nmethod 0x0000018eaf1a3d90
Event: 7.754 Thread 0x0000018ec7425200 flushing  nmethod 0x0000018eaf1a5510
Event: 7.754 Thread 0x0000018ec7425200 flushing  nmethod 0x0000018eaf1a5c10
Event: 7.754 Thread 0x0000018ec7425200 flushing  nmethod 0x0000018eaf1a7b90
Event: 7.754 Thread 0x0000018ec7425200 flushing  nmethod 0x0000018eaf1a8190
Event: 7.755 Thread 0x0000018ec7425200 flushing  nmethod 0x0000018eaf1ae490
Event: 7.755 Thread 0x0000018ec7425200 flushing  nmethod 0x0000018eaf1d5b90
Event: 7.755 Thread 0x0000018ec7425200 flushing  nmethod 0x0000018eaf1d5f10
Event: 7.755 Thread 0x0000018ec7425200 flushing  nmethod 0x0000018eaf209710
Event: 7.755 Thread 0x0000018ec7425200 flushing  nmethod 0x0000018eaf20a690
Event: 7.755 Thread 0x0000018ec7425200 flushing  nmethod 0x0000018eaf212f10
Event: 7.755 Thread 0x0000018ec7425200 flushing  nmethod 0x0000018eaf215f90
Event: 7.755 Thread 0x0000018ec7425200 flushing  nmethod 0x0000018eaf294d10
Event: 7.755 Thread 0x0000018ec7425200 flushing  nmethod 0x0000018eaf296610

Events (20 events):
Event: 8.911 Thread 0x0000018f11c9fb10 Thread added: 0x0000018f11c9aa10
Event: 8.911 Thread 0x0000018f11c9fb10 Thread added: 0x0000018f11ca0a40
Event: 8.911 Thread 0x0000018f11c9fb10 Thread added: 0x0000018f11ca0f50
Event: 8.911 Thread 0x0000018f11c9fb10 Thread added: 0x0000018f11c9cd80
Event: 8.911 Thread 0x0000018f11c9fb10 Thread added: 0x0000018f11ca1460
Event: 8.911 Thread 0x0000018f11c9fb10 Thread added: 0x0000018f11c99ff0
Event: 8.911 Thread 0x0000018f11c9fb10 Thread added: 0x0000018f11ca1970
Event: 8.911 Thread 0x0000018f11c9fb10 Thread added: 0x0000018f11c9d290
Event: 8.912 Thread 0x0000018f11c9fb10 Thread added: 0x0000018f11c9a500
Event: 8.912 Thread 0x0000018f11c9fb10 Thread added: 0x0000018f11c9af20
Event: 8.912 Thread 0x0000018f11c9fb10 Thread added: 0x0000018f11c9b430
Event: 8.912 Thread 0x0000018f11c9fb10 Thread added: 0x0000018f11c9b940
Event: 8.912 Thread 0x0000018f11c9fb10 Thread added: 0x0000018f11c9be50
Event: 8.912 Thread 0x0000018f11c9fb10 Thread added: 0x0000018f11c9c360
Event: 8.912 Thread 0x0000018f11c9fb10 Thread added: 0x0000018f11c9e1c0
Event: 8.912 Thread 0x0000018f11c9fb10 Thread added: 0x0000018f11c9e6d0
Event: 8.912 Thread 0x0000018f11c9fb10 Thread added: 0x0000018f11c9ebe0
Event: 8.912 Thread 0x0000018f11c9fb10 Thread added: 0x0000018f11c9f0f0
Event: 8.913 Thread 0x0000018f11c9fb10 Thread added: 0x0000018f11c9f600
Event: 9.548 Thread 0x0000018ec73e65e0 Thread exited: 0x0000018ec73e65e0


Dynamic libraries:
0x00007ff77f000000 - 0x00007ff77f00e000 	D:\Programas\JAVA\jdk\bin\java.exe
0x00007ff905a10000 - 0x00007ff905c27000 	C:\Windows\SYSTEM32\ntdll.dll
0x00007ff903ad0000 - 0x00007ff903b94000 	C:\Windows\System32\KERNEL32.DLL
0x00007ff902d60000 - 0x00007ff903130000 	C:\Windows\System32\KERNELBASE.dll
0x00007ff903530000 - 0x00007ff903641000 	C:\Windows\System32\ucrtbase.dll
0x00007ff8fdc40000 - 0x00007ff8fdc57000 	D:\Programas\JAVA\jdk\bin\jli.dll
0x00007ff8f2080000 - 0x00007ff8f209b000 	D:\Programas\JAVA\jdk\bin\VCRUNTIME140.dll
0x00007ff905220000 - 0x00007ff9053ce000 	C:\Windows\System32\USER32.dll
0x00007ff903650000 - 0x00007ff903676000 	C:\Windows\System32\win32u.dll
0x00007ff905030000 - 0x00007ff905059000 	C:\Windows\System32\GDI32.dll
0x00007ff9031b0000 - 0x00007ff9032cb000 	C:\Windows\System32\gdi32full.dll
0x00007ff8e3d70000 - 0x00007ff8e4002000 	C:\Windows\WinSxS\amd64_microsoft.windows.common-controls_6595b64144ccf1df_6.0.22621.4830_none_270fe7d773858e80\COMCTL32.dll
0x00007ff902cc0000 - 0x00007ff902d5a000 	C:\Windows\System32\msvcp_win.dll
0x00007ff904620000 - 0x00007ff9046c7000 	C:\Windows\System32\msvcrt.dll
0x00007ff903ed0000 - 0x00007ff903f01000 	C:\Windows\System32\IMM32.DLL
0x00007ff8ff240000 - 0x00007ff8ff24c000 	D:\Programas\JAVA\jdk\bin\vcruntime140_1.dll
0x00007ff8eaa10000 - 0x00007ff8eaa9d000 	D:\Programas\JAVA\jdk\bin\msvcp140.dll
0x00007ff8c7120000 - 0x00007ff8c7d8c000 	D:\Programas\JAVA\jdk\bin\server\jvm.dll
0x00007ff9053d0000 - 0x00007ff905481000 	C:\Windows\System32\ADVAPI32.dll
0x00007ff9043e0000 - 0x00007ff904487000 	C:\Windows\System32\sechost.dll
0x00007ff903390000 - 0x00007ff9033b8000 	C:\Windows\System32\bcrypt.dll
0x00007ff903780000 - 0x00007ff903894000 	C:\Windows\System32\RPCRT4.dll
0x00007ff903d90000 - 0x00007ff903e01000 	C:\Windows\System32\WS2_32.dll
0x00007ff902b90000 - 0x00007ff902bdd000 	C:\Windows\SYSTEM32\POWRPROF.dll
0x00007ff8f94c0000 - 0x00007ff8f94ca000 	C:\Windows\SYSTEM32\VERSION.dll
0x00007ff8fd9b0000 - 0x00007ff8fd9e4000 	C:\Windows\SYSTEM32\WINMM.dll
0x00007ff902b70000 - 0x00007ff902b83000 	C:\Windows\SYSTEM32\UMPDC.dll
0x00007ff901cc0000 - 0x00007ff901cd8000 	C:\Windows\SYSTEM32\kernel.appcore.dll
0x00007ff8fdc20000 - 0x00007ff8fdc2a000 	D:\Programas\JAVA\jdk\bin\jimage.dll
0x00007ff8fa8a0000 - 0x00007ff8faad2000 	C:\Windows\SYSTEM32\DBGHELP.DLL
0x00007ff905640000 - 0x00007ff9059d0000 	C:\Windows\System32\combase.dll
0x00007ff903cb0000 - 0x00007ff903d87000 	C:\Windows\System32\OLEAUT32.dll
0x00007ff8ed9d0000 - 0x00007ff8eda02000 	C:\Windows\SYSTEM32\dbgcore.DLL
0x00007ff903680000 - 0x00007ff9036fb000 	C:\Windows\System32\bcryptPrimitives.dll
0x00007ff8ed4d0000 - 0x00007ff8ed4f5000 	D:\Programas\JAVA\jdk\bin\java.dll
0x00007ff8e6590000 - 0x00007ff8e6667000 	D:\Programas\JAVA\jdk\bin\jsvml.dll
0x00007ff9047b0000 - 0x00007ff905028000 	C:\Windows\System32\SHELL32.dll
0x00007ff900bc0000 - 0x00007ff9014d0000 	C:\Windows\SYSTEM32\windows.storage.dll
0x00007ff900a80000 - 0x00007ff900bbf000 	C:\Windows\SYSTEM32\wintypes.dll
0x00007ff903ba0000 - 0x00007ff903caa000 	C:\Windows\System32\SHCORE.dll
0x00007ff903700000 - 0x00007ff90375e000 	C:\Windows\System32\shlwapi.dll
0x00007ff902bf0000 - 0x00007ff902c1b000 	C:\Windows\SYSTEM32\profapi.dll
0x00007ff8f2060000 - 0x00007ff8f2079000 	D:\Programas\JAVA\jdk\bin\net.dll
0x00007ff8fd880000 - 0x00007ff8fd9ac000 	C:\Windows\SYSTEM32\WINHTTP.dll
0x00007ff902130000 - 0x00007ff90219a000 	C:\Windows\system32\mswsock.dll
0x00007ff8ed4b0000 - 0x00007ff8ed4c6000 	D:\Programas\JAVA\jdk\bin\nio.dll
0x00007ff8ea990000 - 0x00007ff8ea9a8000 	D:\Programas\JAVA\jdk\bin\zip.dll
0x00007ff8f9720000 - 0x00007ff8f972e000 	D:\Programas\JAVA\jdk\bin\sunmscapi.dll
0x00007ff9033c0000 - 0x00007ff903526000 	C:\Windows\System32\CRYPT32.dll
0x00007ff902570000 - 0x00007ff90259d000 	C:\Windows\SYSTEM32\ncrypt.dll
0x00007ff902530000 - 0x00007ff902567000 	C:\Windows\SYSTEM32\NTASN1.dll

dbghelp: loaded successfully - version: 4.0.5 - missing functions: none
symbol engine: initialized successfully - sym options: 0x614 - pdb path: .;D:\Programas\JAVA\jdk\bin;C:\Windows\SYSTEM32;C:\Windows\WinSxS\amd64_microsoft.windows.common-controls_6595b64144ccf1df_6.0.22621.4830_none_270fe7d773858e80;D:\Programas\JAVA\jdk\bin\server

VM Arguments:
java_command: org.springframework.boot.SpringApplicationAotProcessor org.joinfaces.example.JoinFacesExampleApplication D:\Projetos\EstudoIndentar\Testes Spring boot\websocket-spring-jsf\target\spring-aot\main\sources D:\Projetos\EstudoIndentar\Testes Spring boot\websocket-spring-jsf\target\spring-aot\main\resources D:\Projetos\EstudoIndentar\Testes Spring boot\websocket-spring-jsf\target\spring-aot\main\classes org.joinfaces joinfaces-example
java_class_path (initial): D:\Projetos\EstudoIndentar\Testes Spring boot\websocket-spring-jsf\target\classes;D:\Projetos\EstudoIndentar\Testes Spring boot\websocket-spring-jsf\target\spring-aot\main\classes;C:\Users\pcmix\.m2\repository\jakarta\validation\jakarta.validation-api\3.0.2\jakarta.validation-api-3.0.2.jar;C:\Users\pcmix\.m2\repository\ch\qos\logback\logback-classic\1.5.16\logback-classic-1.5.16.jar;C:\Users\pcmix\.m2\repository\ch\qos\logback\logback-core\1.5.16\logback-core-1.5.16.jar;C:\Users\pcmix\.m2\repository\org\apache\logging\log4j\log4j-to-slf4j\2.24.3\log4j-to-slf4j-2.24.3.jar;C:\Users\pcmix\.m2\repository\org\apache\logging\log4j\log4j-api\2.24.3\log4j-api-2.24.3.jar;C:\Users\pcmix\.m2\repository\org\slf4j\jul-to-slf4j\2.0.16\jul-to-slf4j-2.0.16.jar;C:\Users\pcmix\.m2\repository\jakarta\annotation\jakarta.annotation-api\2.1.1\jakarta.annotation-api-2.1.1.jar;C:\Users\pcmix\.m2\repository\org\yaml\snakeyaml\2.3\snakeyaml-2.3.jar;C:\Users\pcmix\.m2\repository\org\springframework\spring-core\6.2.2\spring-core-6.2.2.jar;C:\Users\pcmix\.m2\repository\org\springframework\spring-jcl\6.2.2\spring-jcl-6.2.2.jar;C:\Users\pcmix\.m2\repository\org\springframework\boot\spring-boot-actuator-autoconfigure\3.5.0-M1\spring-boot-actuator-autoconfigure-3.5.0-M1.jar;C:\Users\pcmix\.m2\repository\org\springframework\boot\spring-boot-actuator\3.5.0-M1\spring-boot-actuator-3.5.0-M1.jar;C:\Users\pcmix\.m2\repository\com\fasterxml\jackson\core\jackson-databind\2.18.2\jackson-databind-2.18.2.jar;C:\Users\pcmix\.m2\repository\com\fasterxml\jackson\core\jackson-annotations\2.18.2\jackson-annotations-2.18.2.jar;C:\Users\pcmix\.m2\repository\com\fasterxml\jackson\core\jackson-core\2.18.2\jackson-core-2.18.2.jar;C:\Users\pcmix\.m2\repository\com\fasterxml\jackson\datatype\jackson-datatype-jsr310\2.18.2\jackson-datatype-jsr310-2.18.2.jar;C:\Users\pcmix\.m2\repository\io\micrometer\micrometer-observation\1.15.0-M1\micrometer-observation-1.15.0-M1.jar;C:\Users\pcmix\.m2\repos
Launcher Type: SUN_STANDARD

[Global flags]
     intx CICompilerCount                          = 12                                        {product} {ergonomic}
     uint ConcGCThreads                            = 3                                         {product} {ergonomic}
     uint G1ConcRefinementThreads                  = 13                                        {product} {ergonomic}
   size_t G1HeapRegionSize                         = 2097152                                   {product} {ergonomic}
    uintx GCDrainStackTargetSize                   = 64                                        {product} {ergonomic}
   size_t InitialHeapSize                          = 182452224                                 {product} {ergonomic}
   size_t MarkStackSize                            = 4194304                                   {product} {ergonomic}
   size_t MaxHeapSize                              = 2912944128                                {product} {ergonomic}
   size_t MaxNewSize                               = 1746927616                                {product} {ergonomic}
   size_t MinHeapDeltaBytes                        = 2097152                                   {product} {ergonomic}
   size_t MinHeapSize                              = 8388608                                   {product} {ergonomic}
    uintx NonNMethodCodeHeapSize                   = 7602480                                {pd product} {ergonomic}
    uintx NonProfiledCodeHeapSize                  = 122027880                              {pd product} {ergonomic}
    uintx ProfiledCodeHeapSize                     = 122027880                              {pd product} {ergonomic}
    uintx ReservedCodeCacheSize                    = 251658240                              {pd product} {ergonomic}
     bool SegmentedCodeCache                       = true                                      {product} {ergonomic}
   size_t SoftMaxHeapSize                          = 2912944128                             {manageable} {ergonomic}
     bool UseCompressedClassPointers               = true                           {product lp64_product} {ergonomic}
     bool UseCompressedOops                        = true                           {product lp64_product} {ergonomic}
     bool UseG1GC                                  = true                                      {product} {ergonomic}
     bool UseLargePagesIndividualAllocation        = false                                  {pd product} {ergonomic}

Logging:
Log output configuration:
 #0: stdout all=warning uptime,level,tags
 #1: stderr all=off uptime,level,tags

Environment Variables:
JAVA_HOME=D:\Programas\JAVA\jdk
PATH=C:\Windows\system32;C:\Windows;C:\Windows\System32\Wbem;C:\Windows\System32\WindowsPowerShell\v1.0\;C:\Windows\System32\OpenSSH\;C:\Program Files\dotnet\;C:\Program Files\Java\jdk1.8.0_291\bin;C:\Program Files (x86)\Oberthur Technologies\AWP\Dlls;C:\Program Files\Oberthur Technologies\AWP\Dlls;C:\Program Files\Git\cmd;D:\Programas\putty\;D:\Programas\MAVEN\apache-maven-3.9.9\bin;D:\Programas\ANT\apache-ant-1.9.16\bin;C:\Program Files\CheckSefaz;C:\Users\pcmix\AppData\Local\Microsoft\WindowsApps;C:\Users\pcmix\AppData\Local\GitHubDesktop\bin;d:\Programas\Intellij\bin;;C:\Program Files\JetBrains\IntelliJ IDEA Community Edition 2024.3.2.2\bin;;D:\Programas\JAVA\jdk\bin;C:\Program Files\CheckSefaz;
USERNAME=pcmix
OS=Windows_NT
PROCESSOR_IDENTIFIER=AMD64 Family 23 Model 104 Stepping 1, AuthenticAMD
TMP=C:\Users\pcmix\AppData\Local\Temp
TEMP=C:\Users\pcmix\AppData\Local\Temp



Periodic native trim disabled


---------------  S Y S T E M  ---------------

OS:
 Windows 11 , 64 bit Build 22621 (10.0.22621.4830)
OS uptime: 1 days 3:35 hours
Hyper-V role detected

CPU: total 16 (initial active 16) (16 cores per cpu, 2 threads per core) family 23 model 104 stepping 1 microcode 0x0, cx8, cmov, fxsr, ht, mmx, 3dnowpref, sse, sse2, sse3, ssse3, sse4a, sse4.1, sse4.2, popcnt, lzcnt, tsc, tscinvbit, avx, avx2, aes, clmul, bmi1, bmi2, adx, sha, fma, vzeroupper, clflush, clflushopt, hv
Processor Information for all 16 processors :
  Max Mhz: 1801, Current Mhz: 1801, Mhz Limit: 1801

Memory: 4k page, system-wide physical 11109M (443M free)
TotalPageFile size 19071M (AvailPageFile size 175M)
current process WorkingSet (physical memory assigned to process): 1100M, peak: 1169M
current process commit charge ("private bytes"): 1295M, peak: 1653M

vm_info: OpenJDK 64-Bit Server VM (17.0.13+11-LTS) for windows-amd64 JRE (17.0.13+11-LTS), built on Oct 10 2024 19:51:30 by "Administrator" with MS VC++ 16.10 / 16.11 (VS2019)

END.
